model_key,target,targets,valid_coordinate_rate,mean_euclidean_error_px,median_euclidean_error_px,within_60px_rate,within_100px_rate,within_150px_rate,mean_y_flipped_error_px,x_half_eligible_targets,x_half_accuracy_60px_exclusion,y_half_eligible_targets,y_half_accuracy_60px_exclusion,combined_eligible_targets,combined_halves_accuracy_60px_exclusion
gemini,__overall__,132,1.0,2.70092036532504,2.0,1.0,1.0,1.0,370.95074887340223,97,1.0,110,1.0,83,1.0
gemini,green_container_center,66,1.0,3.5381995207135684,2.5,1.0,1.0,1.0,446.88574918545413,57,1.0,57,1.0,49,1.0
gemini,red_ball_center,66,1.0,1.863641209936512,1.0,1.0,1.0,1.0,295.01574856135045,40,1.0,53,1.0,34,1.0
gpt,__overall__,132,1.0,42.5244946347392,38.3632045808668,0.7954545454545454,0.9772727272727273,0.9848484848484849,360.31346636919454,97,0.9896907216494846,110,1.0,83,0.9879518072289156
gpt,green_container_center,66,1.0,40.70183974202621,31.04834939252005,0.8636363636363636,0.9696969696969697,0.9696969696969697,423.3833599305439,57,0.9824561403508771,57,1.0,49,0.9795918367346939
gpt,red_ball_center,66,1.0,44.34714952745218,44.679436030527555,0.7272727272727273,0.9848484848484849,1.0,297.2435728078453,40,1.0,53,1.0,34,1.0
qwen,__overall__,132,1.0,30.396134986919886,21.106708071022865,0.9318181818181818,0.9772727272727273,0.9848484848484849,363.02470833032083,97,1.0,110,0.990909090909091,83,0.9879518072289156
qwen,green_container_center,66,1.0,33.61219875516702,16.50390529679106,0.9090909090909091,0.9545454545454546,0.9696969696969697,429.6216666973054,57,1.0,57,0.9824561403508771,49,0.9795918367346939
qwen,red_ball_center,66,1.0,27.180071218672772,24.510412149464315,0.9545454545454546,1.0,1.0,296.42774996333634,40,1.0,53,1.0,34,1.0
