participant_code,pair_condition,unordered_pair_index,human_unordered_pair_id,condition,position,family,env_id,variant,solved,attempts,first_attempt_success,first_attempt_x,first_attempt_y,success_attempt,success_x,success_y
H-4A049DD4,reflected,4,reflected_unordered_04,downward,1,Balance,4,reflect_y,True,1,True,299.0,548.0,1,299.0,548.0
H-4A049DD4,reflected,4,reflected_unordered_04,downward,2,Balance,4,original,True,5,False,311.0,543.0,5,420.0,560.0
H-7AF068E6,different_family,14,different_family_unordered_14,downward,1,Remove,5,original,True,1,True,363.0,386.0,1,363.0,386.0
H-7AF068E6,different_family,14,different_family_unordered_14,downward,2,BalanceUnder,8,original,True,2,False,266.0,269.0,2,150.0,269.0
H-31D711A8,reflected,18,reflected_unordered_18,downward,1,Prevention,8,reflect_y,True,6,False,455.0,385.0,6,42.0,360.0
H-31D711A8,reflected,18,reflected_unordered_18,downward,2,Prevention,8,original,True,3,False,527.0,366.0,3,556.0,347.0
H-65FB2EAF,same_family,13,same_family_unordered_13,upward,1,Falling,6,original,True,2,False,155.0,222.0,2,355.0,152.0
H-65FB2EAF,same_family,13,same_family_unordered_13,upward,2,Falling,2,original,True,2,False,237.0,139.0,2,258.0,124.0
H-12351907,reflected,4,reflected_unordered_04,downward,1,Balance,4,original,True,4,False,329.0,421.0,4,424.0,458.0
H-12351907,reflected,4,reflected_unordered_04,downward,2,Balance,4,reflect_y,True,2,False,194.0,424.0,2,179.0,422.0
H-790ECF8F,different_family,20,different_family_unordered_20,downward,1,BalanceUnder,10,original,True,5,False,512.0,417.0,5,268.0,318.0
H-790ECF8F,different_family,20,different_family_unordered_20,downward,2,Remove,7,original,True,1,True,262.0,543.0,1,262.0,543.0
H-46642377,same_family,13,same_family_unordered_13,upward,1,Falling,2,original,True,3,False,371.0,554.0,3,231.0,137.0
H-46642377,same_family,13,same_family_unordered_13,upward,2,Falling,6,original,True,1,True,367.0,107.0,1,367.0,107.0
H-FB98700F,different_family,7,different_family_unordered_07,upward,1,BackUp,8,original,False,10,False,461.0,213.0,,,
H-FB98700F,different_family,7,different_family_unordered_07,upward,2,Basic,9,original,True,8,False,364.0,364.0,8,395.0,549.0
H-97718DD2,reflected,19,reflected_unordered_19,upward,1,Remove,6,original,True,1,True,199.0,125.0,1,199.0,125.0
H-97718DD2,reflected,19,reflected_unordered_19,upward,2,Remove,6,reflect_y,False,10,False,393.0,110.0,,,
H-CE2E4932,same_family,11,same_family_unordered_11,upward,1,Falling,7,original,True,4,False,322.0,433.0,4,234.0,108.0
H-CE2E4932,same_family,11,same_family_unordered_11,upward,2,Falling,8,original,True,2,False,55.0,115.0,2,85.0,113.0
H-E277C958,same_family,16,same_family_unordered_16,downward,1,FallingAlt,9,original,True,1,True,126.0,426.0,1,126.0,426.0
H-E277C958,same_family,16,same_family_unordered_16,downward,2,FallingAlt,6,original,True,3,False,271.0,538.0,3,153.0,561.0
H-51F0452C,reflected,9,reflected_unordered_09,upward,1,Basic,1,original,False,10,False,253.0,75.0,,,
H-51F0452C,reflected,9,reflected_unordered_09,upward,2,Basic,1,reflect_y,True,4,False,561.0,276.0,4,562.0,392.0
H-DB00DDF5,same_family,19,same_family_unordered_19,upward,1,Remove,5,original,False,10,False,351.0,376.0,,,
H-DB00DDF5,same_family,19,same_family_unordered_19,upward,2,Remove,8,original,False,10,False,499.0,138.0,,,
H-8BE4E8BC,different_family,13,different_family_unordered_13,upward,1,Balance,3,original,True,7,False,324.0,316.0,7,141.0,125.0
H-8BE4E8BC,different_family,13,different_family_unordered_13,upward,2,Prevention,8,original,True,4,False,94.0,410.0,4,508.0,360.0
H-FD900B81,same_family,18,same_family_unordered_18,downward,1,Prevention,5,original,True,2,False,53.0,328.0,2,497.0,343.0
H-FD900B81,same_family,18,same_family_unordered_18,downward,2,Prevention,10,original,True,6,False,49.0,342.0,6,111.0,412.0
H-A59F226F,reflected,5,reflected_unordered_05,upward,1,Balance,7,reflect_y,False,10,False,201.0,465.0,,,
H-A59F226F,reflected,5,reflected_unordered_05,upward,2,Balance,7,original,False,10,False,150.0,435.0,,,
H-73FFF68A,same_family,9,same_family_unordered_09,upward,1,Basic,1,original,True,8,False,42.0,532.0,8,39.0,393.0
H-73FFF68A,same_family,9,same_family_unordered_09,upward,2,Basic,8,original,True,2,False,39.0,304.0,2,41.0,348.0
H-47321379,different_family,19,different_family_unordered_19,upward,1,Prevention,3,original,True,5,False,473.0,461.0,5,489.0,344.0
H-47321379,different_family,19,different_family_unordered_19,upward,2,Remove,1,original,True,6,False,278.0,351.0,6,176.0,162.0
H-2711A84F,same_family,9,same_family_unordered_09,upward,1,Basic,8,original,True,4,False,39.0,364.0,4,40.0,392.0
H-2711A84F,same_family,9,same_family_unordered_09,upward,2,Basic,1,original,True,4,False,45.0,277.0,4,38.0,398.0
H-02A14042,different_family,4,different_family_unordered_04,downward,1,BackUp,10,original,True,4,False,117.0,502.0,4,279.0,168.0
H-02A14042,different_family,4,different_family_unordered_04,downward,2,Balance,4,original,True,4,False,340.0,199.0,4,404.0,426.0
H-7972AE6B,reflected,2,reflected_unordered_02,downward,1,BackUp,5,reflect_y,False,10,False,47.0,428.0,,,
H-7972AE6B,reflected,2,reflected_unordered_02,downward,2,BackUp,5,original,True,2,False,415.0,516.0,2,220.0,471.0
H-B7E9E6E2,same_family,3,same_family_unordered_03,upward,1,BackUp,5,original,True,2,False,254.0,446.0,2,188.0,458.0
H-B7E9E6E2,same_family,3,same_family_unordered_03,upward,2,BackUp,3,original,True,1,True,310.0,477.0,1,310.0,477.0
H-6893D85D,same_family,4,same_family_unordered_04,downward,1,Balance,8,original,True,5,False,457.0,336.0,5,382.0,559.0
H-6893D85D,same_family,4,same_family_unordered_04,downward,2,Balance,4,original,True,1,True,434.0,504.0,1,434.0,504.0
H-28FF6B4E,reflected,1,reflected_unordered_01,upward,1,BackUp,3,reflect_y,True,1,True,296.0,414.0,1,296.0,414.0
H-28FF6B4E,reflected,1,reflected_unordered_01,upward,2,BackUp,3,original,True,1,True,234.0,414.0,1,234.0,414.0
H-FDF6B460,different_family,14,different_family_unordered_14,downward,1,BalanceUnder,8,original,True,2,False,519.0,313.0,2,289.0,361.0
H-FDF6B460,different_family,14,different_family_unordered_14,downward,2,Remove,5,original,True,4,False,244.0,544.0,4,311.0,378.0
H-4AF081DD,reflected,12,reflected_unordered_12,downward,1,Falling,3,reflect_y,True,8,False,305.0,129.0,8,248.0,550.0
H-4AF081DD,reflected,12,reflected_unordered_12,downward,2,Falling,3,original,True,2,False,331.0,551.0,2,337.0,532.0
H-11902C88,different_family,11,different_family_unordered_11,upward,1,FallingAlt,7,original,True,2,False,328.0,432.0,2,347.0,245.0
H-11902C88,different_family,11,different_family_unordered_11,upward,2,BalanceUnder,5,original,True,2,False,318.0,313.0,2,312.0,143.0
H-E5335A71,same_family,7,same_family_unordered_07,upward,1,BalanceUnder,8,original,True,2,False,251.0,345.0,2,134.0,123.0
H-E5335A71,same_family,7,same_family_unordered_07,upward,2,BalanceUnder,2,original,True,8,False,357.0,174.0,8,296.0,134.0
H-3AD36AD2,different_family,16,different_family_unordered_16,downward,1,Remove,8,original,True,1,True,299.0,443.0,1,299.0,443.0
H-3AD36AD2,different_family,16,different_family_unordered_16,downward,2,FallingAlt,4,original,True,3,False,122.0,215.0,3,353.0,255.0
H-FA410FDF,same_family,7,same_family_unordered_07,upward,1,BalanceUnder,2,original,True,7,False,85.0,346.0,7,324.0,180.0
H-FA410FDF,same_family,7,same_family_unordered_07,upward,2,BalanceUnder,8,original,True,4,False,258.0,113.0,4,194.0,170.0
H-236E2D1F,same_family,2,same_family_unordered_02,downward,1,BackUp,7,original,True,5,False,69.0,412.0,5,330.0,56.0
H-236E2D1F,same_family,2,same_family_unordered_02,downward,2,BackUp,9,original,True,3,False,155.0,121.0,3,547.0,159.0
H-073B72E6,reflected,8,reflected_unordered_08,downward,1,BalanceUnder,5,original,True,2,False,122.0,423.0,2,318.0,383.0
H-073B72E6,reflected,8,reflected_unordered_08,downward,2,BalanceUnder,5,reflect_y,True,3,False,321.0,306.0,3,266.0,423.0
H-D7778C77,same_family,12,same_family_unordered_12,downward,1,Falling,9,original,True,2,False,102.0,198.0,2,178.0,108.0
H-D7778C77,same_family,12,same_family_unordered_12,downward,2,Falling,3,original,False,10,False,288.0,376.0,,,
H-05CAC4BF,reflected,19,reflected_unordered_19,upward,1,Remove,6,reflect_y,True,2,False,309.0,396.0,2,216.0,409.0
H-05CAC4BF,reflected,19,reflected_unordered_19,upward,2,Remove,6,original,True,1,True,366.0,403.0,1,366.0,403.0
H-79CE65EC,different_family,15,different_family_unordered_15,upward,1,Remove,6,original,True,9,False,302.0,379.0,9,412.0,478.0
H-79CE65EC,different_family,15,different_family_unordered_15,upward,2,Basic,6,original,True,2,False,231.0,521.0,2,47.0,513.0
H-82C49358,reflected,14,reflected_unordered_14,downward,1,FallingAlt,1,reflect_y,True,6,False,304.0,559.0,6,294.0,239.0
H-82C49358,reflected,14,reflected_unordered_14,downward,2,FallingAlt,1,original,True,3,False,311.0,238.0,3,301.0,237.0
H-50EC5B7F,different_family,7,different_family_unordered_07,upward,1,Basic,9,original,True,7,False,370.0,494.0,7,396.0,537.0
H-50EC5B7F,different_family,7,different_family_unordered_07,upward,2,BackUp,8,original,False,10,False,444.0,220.0,,,
H-22C33848,reflected,11,reflected_unordered_11,upward,1,Falling,1,original,True,7,False,555.0,549.0,7,312.0,100.0
H-22C33848,reflected,11,reflected_unordered_11,upward,2,Falling,1,reflect_y,True,1,True,345.0,132.0,1,345.0,132.0
H-A6EAFF33,same_family,10,same_family_unordered_10,downward,1,Basic,6,original,True,5,False,533.0,39.0,5,41.0,294.0
H-A6EAFF33,same_family,10,same_family_unordered_10,downward,2,Basic,7,original,True,3,False,337.0,84.0,3,525.0,72.0
H-9CD6744D,different_family,17,different_family_unordered_17,upward,1,Balance,5,original,True,6,False,241.0,378.0,6,253.0,41.0
H-9CD6744D,different_family,17,different_family_unordered_17,upward,2,Basic,10,original,True,5,False,360.0,44.0,5,556.0,57.0
H-22C33848,same_family,16,same_family_unordered_16,downward,1,FallingAlt,6,original,True,3,False,278.0,404.0,3,192.0,337.0
H-22C33848,same_family,16,same_family_unordered_16,downward,2,FallingAlt,9,original,True,2,False,150.0,516.0,2,146.0,440.0
H-28D9140D,different_family,4,different_family_unordered_04,downward,1,Balance,4,original,True,2,False,349.0,536.0,2,335.0,552.0
H-28D9140D,different_family,4,different_family_unordered_04,downward,2,BackUp,10,original,True,5,False,470.0,107.0,5,275.0,312.0
H-0451A708,same_family,3,same_family_unordered_03,upward,1,BackUp,3,original,True,1,True,255.0,413.0,1,255.0,413.0
H-0451A708,same_family,3,same_family_unordered_03,upward,2,BackUp,5,original,True,2,False,301.0,258.0,2,204.0,458.0
H-E9632268,reflected,20,reflected_unordered_20,downward,1,Remove,8,original,True,8,False,282.0,310.0,8,380.0,470.0
H-E9632268,reflected,20,reflected_unordered_20,downward,2,Remove,8,reflect_y,True,1,True,229.0,398.0,1,229.0,398.0
H-7BD53EC7,reflected,6,reflected_unordered_06,downward,1,Balance,10,reflect_y,True,1,True,322.0,234.0,1,322.0,234.0
H-7BD53EC7,reflected,6,reflected_unordered_06,downward,2,Balance,10,original,True,1,True,270.0,251.0,1,270.0,251.0
H-43B6F87C,different_family,2,different_family_unordered_02,downward,1,BalanceUnder,7,original,True,2,False,311.0,340.0,2,305.0,451.0
H-43B6F87C,different_family,2,different_family_unordered_02,downward,2,BackUp,7,original,True,3,False,297.0,513.0,3,327.0,42.0
H-FDD1C94F,different_family,15,different_family_unordered_15,upward,1,Basic,6,original,True,2,False,99.0,562.0,2,38.0,526.0
H-FDD1C94F,different_family,15,different_family_unordered_15,upward,2,Remove,6,original,True,2,False,39.0,529.0,2,374.0,511.0
H-398F4E0A,different_family,3,different_family_unordered_03,upward,1,FallingAlt,10,original,True,1,True,297.0,256.0,1,297.0,256.0
H-398F4E0A,different_family,3,different_family_unordered_03,upward,2,Balance,2,original,True,1,True,352.0,50.0,1,352.0,50.0
H-F7793CE8,same_family,18,same_family_unordered_18,downward,1,Prevention,10,original,True,9,False,54.0,316.0,9,288.0,393.0
H-F7793CE8,same_family,18,same_family_unordered_18,downward,2,Prevention,5,original,True,9,False,389.0,341.0,9,496.0,368.0
H-371E1C33,reflected,3,reflected_unordered_03,upward,1,BackUp,7,reflect_y,True,2,False,281.0,505.0,2,256.0,65.0
H-371E1C33,reflected,3,reflected_unordered_03,upward,2,BackUp,7,original,True,1,True,325.0,191.0,1,325.0,191.0
H-1FE48D1D,same_family,15,same_family_unordered_15,upward,1,FallingAlt,7,original,True,1,True,226.0,417.0,1,226.0,417.0
H-1FE48D1D,same_family,15,same_family_unordered_15,upward,2,FallingAlt,8,original,True,3,False,371.0,269.0,3,322.0,237.0
H-EEEE1CEB,different_family,10,different_family_unordered_10,downward,1,Falling,9,original,False,10,False,207.0,295.0,,,
H-EEEE1CEB,different_family,10,different_family_unordered_10,downward,2,FallingAlt,2,original,True,1,True,284.0,520.0,1,284.0,520.0
H-5FC1B414,different_family,10,different_family_unordered_10,downward,1,FallingAlt,2,original,True,2,False,149.0,468.0,2,259.0,464.0
H-5FC1B414,different_family,10,different_family_unordered_10,downward,2,Falling,9,original,True,3,False,250.0,298.0,3,175.0,127.0
H-4A00DCFB,same_family,20,same_family_unordered_20,downward,1,Remove,6,original,True,2,False,390.0,410.0,2,369.0,394.0
H-4A00DCFB,same_family,20,same_family_unordered_20,downward,2,Remove,7,original,True,2,False,381.0,284.0,2,423.0,292.0
H-BE2AC38C,reflected,10,reflected_unordered_10,downward,1,Basic,2,original,False,10,False,247.0,111.0,,,
H-BE2AC38C,reflected,10,reflected_unordered_10,downward,2,Basic,2,reflect_y,True,5,False,558.0,298.0,5,308.0,62.0
H-2A5CD3B7,same_family,4,same_family_unordered_04,downward,1,Balance,4,original,True,1,True,426.0,498.0,1,426.0,498.0
H-2A5CD3B7,same_family,4,same_family_unordered_04,downward,2,Balance,8,original,True,3,False,378.0,436.0,3,374.0,561.0
H-FDAFEF96,same_family,1,same_family_unordered_01,upward,1,BackUp,8,original,False,10,False,485.0,224.0,,,
H-FDAFEF96,same_family,1,same_family_unordered_01,upward,2,BackUp,6,original,True,1,True,268.0,438.0,1,268.0,438.0
H-B79C4169,reflected,15,reflected_unordered_15,upward,1,FallingAlt,4,original,False,10,False,293.0,352.0,,,
H-B79C4169,reflected,15,reflected_unordered_15,upward,2,FallingAlt,4,reflect_y,True,4,False,305.0,262.0,4,243.0,263.0
H-531F5AC9,different_family,5,different_family_unordered_05,upward,1,BalanceUnder,6,original,True,4,False,185.0,162.0,4,140.0,151.0
H-531F5AC9,different_family,5,different_family_unordered_05,upward,2,Prevention,2,original,False,10,False,51.0,328.0,,,
H-FDD1C94F,same_family,14,same_family_unordered_14,downward,1,FallingAlt,4,original,True,2,False,345.0,377.0,2,284.0,259.0
H-FDD1C94F,same_family,14,same_family_unordered_14,downward,2,FallingAlt,10,original,True,1,True,216.0,438.0,1,216.0,438.0
H-C3A9B5E6,same_family,10,same_family_unordered_10,downward,1,Basic,7,original,False,10,False,280.0,122.0,,,
H-C3A9B5E6,same_family,10,same_family_unordered_10,downward,2,Basic,6,original,True,1,True,43.0,449.0,1,43.0,449.0
H-43B6F87C,same_family,20,same_family_unordered_20,downward,1,Remove,7,original,False,10,False,340.0,516.0,,,
H-43B6F87C,same_family,20,same_family_unordered_20,downward,2,Remove,6,original,True,1,True,381.0,427.0,1,381.0,427.0
H-26DD7E4D,different_family,11,different_family_unordered_11,upward,1,BalanceUnder,5,original,True,7,False,403.0,225.0,7,305.0,147.0
H-26DD7E4D,different_family,11,different_family_unordered_11,upward,2,FallingAlt,7,original,False,10,False,333.0,428.0,,,
H-EC01F97B,same_family,14,same_family_unordered_14,downward,1,FallingAlt,10,original,True,3,False,261.0,429.0,3,169.0,519.0
H-EC01F97B,same_family,14,same_family_unordered_14,downward,2,FallingAlt,4,original,True,4,False,359.0,458.0,4,288.0,261.0
H-B4D5D10E,reflected,3,reflected_unordered_03,upward,1,BackUp,7,original,True,6,False,184.0,543.0,6,373.0,193.0
H-B4D5D10E,reflected,3,reflected_unordered_03,upward,2,BackUp,7,reflect_y,True,1,True,214.0,261.0,1,214.0,261.0
H-05830BE0,same_family,15,same_family_unordered_15,upward,1,FallingAlt,8,original,True,6,False,283.0,239.0,6,319.0,242.0
H-05830BE0,same_family,15,same_family_unordered_15,upward,2,FallingAlt,7,original,True,1,True,329.0,248.0,1,329.0,248.0
H-2EC17A94,same_family,6,same_family_unordered_06,downward,1,Balance,7,original,True,7,False,369.0,424.0,7,467.0,427.0
H-2EC17A94,same_family,6,same_family_unordered_06,downward,2,Balance,1,original,True,5,False,166.0,192.0,5,153.0,477.0
H-A4D6C180,reflected,15,reflected_unordered_15,upward,1,FallingAlt,4,reflect_y,False,10,False,496.0,138.0,,,
H-A4D6C180,reflected,15,reflected_unordered_15,upward,2,FallingAlt,4,original,True,5,False,328.0,237.0,5,361.0,240.0
H-5D5D26FF,different_family,17,different_family_unordered_17,upward,1,Basic,10,original,False,10,False,366.0,430.0,,,
H-5D5D26FF,different_family,17,different_family_unordered_17,upward,2,Balance,5,original,False,10,False,81.0,172.0,,,
H-B7A986C6,reflected,18,reflected_unordered_18,downward,1,Prevention,8,original,True,2,False,88.0,335.0,2,561.0,559.0
H-B7A986C6,reflected,18,reflected_unordered_18,downward,2,Prevention,8,reflect_y,True,1,True,43.0,530.0,1,43.0,530.0
H-0C472D7D,different_family,12,different_family_unordered_12,downward,1,BackUp,6,original,True,2,False,321.0,445.0,2,254.0,450.0
H-0C472D7D,different_family,12,different_family_unordered_12,downward,2,Prevention,7,original,True,1,True,236.0,482.0,1,236.0,482.0
H-C954E412,same_family,5,same_family_unordered_05,upward,1,Balance,5,original,True,6,False,314.0,327.0,6,297.0,39.0
H-C954E412,same_family,5,same_family_unordered_05,upward,2,Balance,10,original,True,1,True,380.0,44.0,1,380.0,44.0
H-B38A5910,reflected,16,reflected_unordered_16,downward,1,FallingAlt,9,original,True,2,False,285.0,430.0,2,146.0,438.0
H-B38A5910,reflected,16,reflected_unordered_16,downward,2,FallingAlt,9,reflect_y,True,3,False,444.0,468.0,3,419.0,480.0
H-4ED0E2AA,reflected,7,reflected_unordered_07,upward,1,BalanceUnder,2,reflect_y,True,5,False,349.0,274.0,5,248.0,277.0
H-4ED0E2AA,reflected,7,reflected_unordered_07,upward,2,BalanceUnder,2,original,True,2,False,348.0,274.0,2,404.0,257.0
H-1D82355D,different_family,3,different_family_unordered_03,upward,1,Balance,2,original,False,10,False,191.0,168.0,,,
H-1D82355D,different_family,3,different_family_unordered_03,upward,2,FallingAlt,10,original,True,3,False,167.0,285.0,3,282.0,267.0
H-D2FF6FBD,reflected,11,reflected_unordered_11,upward,1,Falling,1,reflect_y,True,2,False,370.0,337.0,2,306.0,111.0
H-D2FF6FBD,reflected,11,reflected_unordered_11,upward,2,Falling,1,original,True,1,True,228.0,113.0,1,228.0,113.0
H-C60D199D,different_family,18,different_family_unordered_18,downward,1,Falling,10,original,True,1,True,278.0,519.0,1,278.0,519.0
H-C60D199D,different_family,18,different_family_unordered_18,downward,2,Balance,8,original,True,2,False,419.0,424.0,2,425.0,560.0
H-4A875A8B,reflected,5,reflected_unordered_05,upward,1,Balance,7,original,True,5,False,364.0,423.0,5,113.0,341.0
H-4A875A8B,reflected,5,reflected_unordered_05,upward,2,Balance,7,reflect_y,True,1,True,484.0,342.0,1,484.0,342.0
H-26DD7E4D,same_family,1,same_family_unordered_01,upward,1,BackUp,6,original,False,10,False,83.0,389.0,,,
H-26DD7E4D,same_family,1,same_family_unordered_01,upward,2,BackUp,8,original,False,10,False,459.0,269.0,,,
H-56F6E121,reflected,16,reflected_unordered_16,downward,1,FallingAlt,9,reflect_y,True,2,False,476.0,532.0,2,430.0,487.0
H-56F6E121,reflected,16,reflected_unordered_16,downward,2,FallingAlt,9,original,True,2,False,177.0,483.0,2,106.0,445.0
H-4A2E3CE9,different_family,9,different_family_unordered_09,upward,1,Falling,8,original,True,2,False,72.0,318.0,2,71.0,117.0
H-4A2E3CE9,different_family,9,different_family_unordered_09,upward,2,FallingAlt,3,original,True,3,False,351.0,247.0,3,396.0,224.0
H-8F4123F9,same_family,8,same_family_unordered_08,downward,1,BalanceUnder,6,original,True,5,False,498.0,203.0,5,300.0,294.0
H-8F4123F9,same_family,8,same_family_unordered_08,downward,2,BalanceUnder,3,original,True,8,False,249.0,322.0,8,38.0,307.0
H-5C9552E1,reflected,14,reflected_unordered_14,downward,1,FallingAlt,1,original,True,8,False,335.0,436.0,8,303.0,259.0
H-5C9552E1,reflected,14,reflected_unordered_14,downward,2,FallingAlt,1,reflect_y,False,10,False,261.0,253.0,,,
H-E8CAF2ED,reflected,10,reflected_unordered_10,downward,1,Basic,2,reflect_y,True,5,False,175.0,411.0,5,321.0,47.0
H-E8CAF2ED,reflected,10,reflected_unordered_10,downward,2,Basic,2,original,True,2,False,339.0,44.0,2,294.0,48.0
H-4ED0E2AA,same_family,6,same_family_unordered_06,downward,1,Balance,1,original,True,3,False,388.0,61.0,3,183.0,333.0
H-4ED0E2AA,same_family,6,same_family_unordered_06,downward,2,Balance,7,original,True,2,False,434.0,426.0,2,470.0,433.0
H-69CBA9DB,reflected,17,reflected_unordered_17,upward,1,Prevention,4,original,True,6,False,485.0,395.0,6,46.0,320.0
H-69CBA9DB,reflected,17,reflected_unordered_17,upward,2,Prevention,4,reflect_y,True,6,False,532.0,324.0,6,546.0,337.0
H-7A7CD4CB,different_family,12,different_family_unordered_12,downward,1,Prevention,7,original,True,3,False,440.0,463.0,3,232.0,441.0
H-7A7CD4CB,different_family,12,different_family_unordered_12,downward,2,BackUp,6,original,True,8,False,175.0,370.0,8,260.0,433.0
H-29F79030,reflected,12,reflected_unordered_12,downward,1,Falling,3,original,True,4,False,292.0,560.0,4,370.0,556.0
H-29F79030,reflected,12,reflected_unordered_12,downward,2,Falling,3,reflect_y,True,3,False,211.0,556.0,3,253.0,548.0
H-91CB14CA,same_family,12,same_family_unordered_12,downward,1,Falling,3,original,False,10,False,422.0,401.0,,,
H-91CB14CA,same_family,12,same_family_unordered_12,downward,2,Falling,9,original,False,10,False,373.0,142.0,,,
H-162F7CDB,different_family,5,different_family_unordered_05,upward,1,Prevention,2,original,False,10,False,341.0,482.0,,,
H-162F7CDB,different_family,5,different_family_unordered_05,upward,2,BalanceUnder,6,original,False,10,False,150.0,289.0,,,
H-0D108E79,same_family,5,same_family_unordered_05,upward,1,Balance,10,original,True,7,False,174.0,230.0,7,495.0,66.0
H-0D108E79,same_family,5,same_family_unordered_05,upward,2,Balance,5,original,False,10,False,423.0,176.0,,,
H-7B1AF0D6,reflected,9,reflected_unordered_09,upward,1,Basic,1,reflect_y,False,10,False,214.0,393.0,,,
H-7B1AF0D6,reflected,9,reflected_unordered_09,upward,2,Basic,1,original,False,10,False,544.0,123.0,,,
H-CFCF8487,reflected,8,reflected_unordered_08,downward,1,BalanceUnder,5,reflect_y,True,2,False,519.0,175.0,2,255.0,349.0
H-CFCF8487,reflected,8,reflected_unordered_08,downward,2,BalanceUnder,5,original,True,5,False,352.0,336.0,5,338.0,533.0
H-162F7CDB,same_family,2,same_family_unordered_02,downward,1,BackUp,9,original,True,5,False,130.0,400.0,5,555.0,439.0
H-162F7CDB,same_family,2,same_family_unordered_02,downward,2,BackUp,7,original,True,3,False,333.0,443.0,3,303.0,306.0
H-24EE06BD,reflected,13,reflected_unordered_13,upward,1,Falling,8,reflect_y,True,3,False,393.0,405.0,3,503.0,110.0
H-24EE06BD,reflected,13,reflected_unordered_13,upward,2,Falling,8,original,True,1,True,87.0,107.0,1,87.0,107.0
H-9B58481C,different_family,16,different_family_unordered_16,downward,1,FallingAlt,4,original,False,10,False,145.0,181.0,,,
H-9B58481C,different_family,16,different_family_unordered_16,downward,2,Remove,8,original,True,3,False,91.0,274.0,3,304.0,454.0
H-0CABDB00,reflected,13,reflected_unordered_13,upward,1,Falling,8,original,True,6,False,205.0,156.0,6,42.0,111.0
H-0CABDB00,reflected,13,reflected_unordered_13,upward,2,Falling,8,reflect_y,True,2,False,558.0,110.0,2,527.0,112.0
H-76B20B44,reflected,2,reflected_unordered_02,downward,1,BackUp,5,original,True,2,False,231.0,452.0,2,214.0,436.0
H-76B20B44,reflected,2,reflected_unordered_02,downward,2,BackUp,5,reflect_y,True,4,False,401.0,430.0,4,402.0,484.0
H-F2AE1070,different_family,1,different_family_unordered_01,upward,1,BackUp,3,original,False,10,False,550.0,510.0,,,
H-F2AE1070,different_family,1,different_family_unordered_01,upward,2,Falling,5,original,False,10,False,233.0,180.0,,,
H-25D9FA0B,reflected,20,reflected_unordered_20,downward,1,Remove,8,reflect_y,True,2,False,524.0,562.0,2,236.0,483.0
H-25D9FA0B,reflected,20,reflected_unordered_20,downward,2,Remove,8,original,True,2,False,361.0,346.0,2,338.0,486.0
H-5E4D10C6,same_family,8,same_family_unordered_08,downward,1,BalanceUnder,3,original,False,10,False,430.0,495.0,,,
H-5E4D10C6,same_family,8,same_family_unordered_08,downward,2,BalanceUnder,6,original,True,3,False,238.0,541.0,3,351.0,494.0
H-599D6C05,different_family,8,different_family_unordered_08,downward,1,Basic,2,original,False,10,False,43.0,301.0,,,
H-599D6C05,different_family,8,different_family_unordered_08,downward,2,Falling,7,original,True,2,False,280.0,113.0,2,195.0,106.0
H-D2FF6FBD,different_family,1,different_family_unordered_01,upward,1,Falling,5,original,True,1,True,386.0,225.0,1,386.0,225.0
H-D2FF6FBD,different_family,1,different_family_unordered_01,upward,2,BackUp,3,original,True,1,True,240.0,417.0,1,240.0,417.0
H-A139D19F,reflected,7,reflected_unordered_07,upward,1,BalanceUnder,2,original,True,2,False,40.0,198.0,2,349.0,272.0
H-A139D19F,reflected,7,reflected_unordered_07,upward,2,BalanceUnder,2,reflect_y,True,2,False,408.0,354.0,2,227.0,279.0
H-CCFC1D09,reflected,6,reflected_unordered_06,downward,1,Balance,10,original,True,4,False,272.0,267.0,4,265.0,231.0
H-CCFC1D09,reflected,6,reflected_unordered_06,downward,2,Balance,10,reflect_y,True,3,False,311.0,195.0,3,336.0,202.0
H-DE6ECC22,different_family,6,different_family_unordered_06,downward,1,Basic,7,original,True,2,False,493.0,46.0,2,514.0,46.0
H-DE6ECC22,different_family,6,different_family_unordered_06,downward,2,Prevention,5,original,True,2,False,395.0,504.0,2,543.0,510.0
H-DCAA1CC5,same_family,11,same_family_unordered_11,upward,1,Falling,8,original,True,2,False,186.0,382.0,2,46.0,113.0
H-DCAA1CC5,same_family,11,same_family_unordered_11,upward,2,Falling,7,original,True,1,True,171.0,108.0,1,171.0,108.0
H-C2DB5AC6,different_family,20,different_family_unordered_20,downward,1,Remove,7,original,False,10,False,336.0,513.0,,,
H-C2DB5AC6,different_family,20,different_family_unordered_20,downward,2,BalanceUnder,10,original,True,5,False,240.0,279.0,5,146.0,422.0
H-CFDE4028,same_family,19,same_family_unordered_19,upward,1,Remove,8,original,True,10,False,445.0,482.0,10,101.0,445.0
H-CFDE4028,same_family,19,same_family_unordered_19,upward,2,Remove,5,original,True,6,False,482.0,320.0,6,190.0,163.0
H-B0C122FF,same_family,17,same_family_unordered_17,upward,1,Prevention,8,original,True,4,False,86.0,439.0,4,476.0,327.0
H-B0C122FF,same_family,17,same_family_unordered_17,upward,2,Prevention,4,original,True,4,False,71.0,337.0,4,40.0,365.0
H-21D69BCF,different_family,9,different_family_unordered_09,upward,1,FallingAlt,3,original,True,3,False,262.0,262.0,3,384.0,232.0
H-21D69BCF,different_family,9,different_family_unordered_09,upward,2,Falling,8,original,True,1,True,62.0,110.0,1,62.0,110.0
H-BD81C18D,reflected,1,reflected_unordered_01,upward,1,BackUp,3,original,False,10,False,273.0,302.0,,,
H-BD81C18D,reflected,1,reflected_unordered_01,upward,2,BackUp,3,reflect_y,True,10,False,489.0,321.0,10,328.0,424.0
H-E35E6DEE,same_family,17,same_family_unordered_17,upward,1,Prevention,4,original,True,5,False,468.0,343.0,5,42.0,331.0
H-E35E6DEE,same_family,17,same_family_unordered_17,upward,2,Prevention,8,original,False,10,False,45.0,534.0,,,
H-E6B1576D,reflected,17,reflected_unordered_17,upward,1,Prevention,4,reflect_y,True,4,False,316.0,497.0,4,554.0,342.0
H-E6B1576D,reflected,17,reflected_unordered_17,upward,2,Prevention,4,original,True,1,True,43.0,336.0,1,43.0,336.0
H-97356A8F,same_family,9,same_family_unordered_09,upward,1,Basic,8,original,True,4,False,39.0,335.0,4,38.0,505.0
H-97356A8F,same_family,9,same_family_unordered_09,upward,2,Basic,1,original,True,5,False,38.0,279.0,5,39.0,302.0
H-D925C25D,reflected,19,reflected_unordered_19,upward,1,Remove,6,reflect_y,False,10,False,315.0,501.0,,,
H-D925C25D,reflected,19,reflected_unordered_19,upward,2,Remove,6,original,True,2,False,81.0,481.0,2,342.0,457.0
H-67DFB62D,reflected,2,reflected_unordered_02,downward,1,BackUp,5,reflect_y,True,2,False,441.0,550.0,2,431.0,556.0
H-67DFB62D,reflected,2,reflected_unordered_02,downward,2,BackUp,5,original,True,1,True,171.0,560.0,1,171.0,560.0
H-205EF763,same_family,20,same_family_unordered_20,downward,1,Remove,7,original,True,4,False,368.0,423.0,4,422.0,488.0
H-205EF763,same_family,20,same_family_unordered_20,downward,2,Remove,6,original,True,3,False,411.0,492.0,3,374.0,420.0
H-8FEA50C3,reflected,4,reflected_unordered_04,downward,1,Balance,4,reflect_y,True,4,False,286.0,425.0,4,181.0,426.0
H-8FEA50C3,reflected,4,reflected_unordered_04,downward,2,Balance,4,original,True,4,False,409.0,435.0,4,401.0,445.0
H-4ABB409D,same_family,14,same_family_unordered_14,downward,1,FallingAlt,4,original,True,4,False,327.0,446.0,4,306.0,248.0
H-4ABB409D,same_family,14,same_family_unordered_14,downward,2,FallingAlt,10,original,True,1,True,161.0,471.0,1,161.0,471.0
H-16111586,same_family,9,same_family_unordered_09,upward,1,Basic,1,original,False,10,False,205.0,179.0,,,
H-16111586,same_family,9,same_family_unordered_09,upward,2,Basic,8,original,True,1,True,39.0,500.0,1,39.0,500.0
H-7DF79C33,different_family,18,different_family_unordered_18,downward,1,Balance,8,original,True,7,False,383.0,463.0,7,369.0,542.0
H-7DF79C33,different_family,18,different_family_unordered_18,downward,2,Falling,10,original,True,1,True,314.0,484.0,1,314.0,484.0
H-49A7AD46,reflected,15,reflected_unordered_15,upward,1,FallingAlt,4,original,True,6,False,278.0,404.0,6,300.0,240.0
H-49A7AD46,reflected,15,reflected_unordered_15,upward,2,FallingAlt,4,reflect_y,False,10,False,291.0,238.0,,,
H-55813E2A,different_family,2,different_family_unordered_02,downward,1,BackUp,7,original,True,2,False,299.0,557.0,2,339.0,279.0
H-55813E2A,different_family,2,different_family_unordered_02,downward,2,BalanceUnder,7,original,True,9,False,305.0,526.0,9,305.0,446.0
H-9DEB3097,reflected,9,reflected_unordered_09,upward,1,Basic,1,reflect_y,False,10,False,352.0,121.0,,,
H-9DEB3097,reflected,9,reflected_unordered_09,upward,2,Basic,1,original,True,6,False,52.0,289.0,6,39.0,396.0
H-B0231ACB,same_family,5,same_family_unordered_05,upward,1,Balance,10,original,True,2,False,186.0,172.0,2,468.0,72.0
H-B0231ACB,same_family,5,same_family_unordered_05,upward,2,Balance,5,original,False,10,False,451.0,87.0,,,
H-411944AC,reflected,2,reflected_unordered_02,downward,1,BackUp,5,original,True,4,False,237.0,484.0,4,218.0,445.0
H-411944AC,reflected,2,reflected_unordered_02,downward,2,BackUp,5,reflect_y,True,1,True,389.0,488.0,1,389.0,488.0
H-123D9F4D,different_family,19,different_family_unordered_19,upward,1,Remove,1,original,False,10,False,39.0,558.0,,,
H-123D9F4D,different_family,19,different_family_unordered_19,upward,2,Prevention,3,original,True,5,False,541.0,341.0,5,499.0,338.0
H-95ADFC39,same_family,3,same_family_unordered_03,upward,1,BackUp,5,original,True,1,True,209.0,436.0,1,209.0,436.0
H-95ADFC39,same_family,3,same_family_unordered_03,upward,2,BackUp,3,original,True,1,True,252.0,416.0,1,252.0,416.0
H-DB017EFB,different_family,13,different_family_unordered_13,upward,1,Prevention,8,original,True,3,False,544.0,339.0,3,473.0,351.0
H-DB017EFB,different_family,13,different_family_unordered_13,upward,2,Balance,3,original,False,10,False,216.0,55.0,,,
H-C1E7F6C2,same_family,8,same_family_unordered_08,downward,1,BalanceUnder,3,original,True,5,False,115.0,278.0,5,44.0,562.0
H-C1E7F6C2,same_family,8,same_family_unordered_08,downward,2,BalanceUnder,6,original,True,3,False,219.0,502.0,3,318.0,555.0
H-974FF74F,different_family,6,different_family_unordered_06,downward,1,Prevention,5,original,True,3,False,411.0,489.0,3,551.0,556.0
H-974FF74F,different_family,6,different_family_unordered_06,downward,2,Basic,7,original,True,3,False,503.0,382.0,3,553.0,68.0
H-A44C1F2C,reflected,18,reflected_unordered_18,downward,1,Prevention,8,original,False,10,False,348.0,339.0,,,
H-A44C1F2C,reflected,18,reflected_unordered_18,downward,2,Prevention,8,reflect_y,False,10,False,98.0,486.0,,,
H-3A4B248C,same_family,10,same_family_unordered_10,downward,1,Basic,7,original,True,7,False,186.0,463.0,7,520.0,169.0
H-3A4B248C,same_family,10,same_family_unordered_10,downward,2,Basic,6,original,True,1,True,41.0,332.0,1,41.0,332.0
H-9DEB3097,different_family,8,different_family_unordered_08,downward,1,Falling,7,original,True,3,False,200.0,113.0,3,218.0,113.0
H-9DEB3097,different_family,8,different_family_unordered_08,downward,2,Basic,2,original,True,3,False,41.0,301.0,3,278.0,81.0
H-81A648EC,reflected,13,reflected_unordered_13,upward,1,Falling,8,reflect_y,True,2,False,435.0,130.0,2,532.0,128.0
H-81A648EC,reflected,13,reflected_unordered_13,upward,2,Falling,8,original,True,1,True,103.0,117.0,1,103.0,117.0
H-43EBD6BE,reflected,12,reflected_unordered_12,downward,1,Falling,3,reflect_y,True,1,True,247.0,536.0,1,247.0,536.0
H-43EBD6BE,reflected,12,reflected_unordered_12,downward,2,Falling,3,original,True,2,False,367.0,550.0,2,344.0,547.0
H-AB32AA97,reflected,11,reflected_unordered_11,upward,1,Falling,1,original,True,1,True,356.0,78.0,1,356.0,78.0
H-AB32AA97,reflected,11,reflected_unordered_11,upward,2,Falling,1,reflect_y,True,2,False,372.0,99.0,2,329.0,95.0
H-B8486FE1,same_family,6,same_family_unordered_06,downward,1,Balance,1,original,True,10,False,419.0,167.0,10,211.0,359.0
H-B8486FE1,same_family,6,same_family_unordered_06,downward,2,Balance,7,original,False,10,False,339.0,468.0,,,
H-EA171418,reflected,18,reflected_unordered_18,downward,1,Prevention,8,reflect_y,True,3,False,508.0,366.0,3,46.0,338.0
H-EA171418,reflected,18,reflected_unordered_18,downward,2,Prevention,8,original,True,1,True,555.0,338.0,1,555.0,338.0
H-652BBAFE,same_family,17,same_family_unordered_17,upward,1,Prevention,4,original,True,2,False,292.0,343.0,2,40.0,338.0
H-652BBAFE,same_family,17,same_family_unordered_17,upward,2,Prevention,8,original,True,3,False,556.0,342.0,3,515.0,337.0
H-EBF44CD0,different_family,7,different_family_unordered_07,upward,1,BackUp,8,original,False,10,False,468.0,194.0,,,
H-EBF44CD0,different_family,7,different_family_unordered_07,upward,2,Basic,9,original,True,5,False,368.0,42.0,5,380.0,43.0
H-A1905248,same_family,13,same_family_unordered_13,upward,1,Falling,6,original,True,4,False,132.0,104.0,4,355.0,104.0
H-A1905248,same_family,13,same_family_unordered_13,upward,2,Falling,2,original,True,1,True,234.0,110.0,1,234.0,110.0
H-342B46C6,same_family,18,same_family_unordered_18,downward,1,Prevention,5,original,True,2,False,526.0,533.0,2,513.0,341.0
H-342B46C6,same_family,18,same_family_unordered_18,downward,2,Prevention,10,original,True,1,True,255.0,561.0,1,255.0,561.0
H-62FFCB76,different_family,18,different_family_unordered_18,downward,1,Balance,8,original,True,1,True,432.0,560.0,1,432.0,560.0
H-62FFCB76,different_family,18,different_family_unordered_18,downward,2,Falling,10,original,True,1,True,380.0,558.0,1,380.0,558.0
H-910799FC,same_family,6,same_family_unordered_06,downward,1,Balance,7,original,False,10,False,372.0,425.0,,,
H-910799FC,same_family,6,same_family_unordered_06,downward,2,Balance,1,original,True,2,False,176.0,228.0,2,180.0,423.0
H-DC4D35B1,reflected,14,reflected_unordered_14,downward,1,FallingAlt,1,reflect_y,True,2,False,50.0,317.0,2,299.0,241.0
H-DC4D35B1,reflected,14,reflected_unordered_14,downward,2,FallingAlt,1,original,True,6,False,326.0,240.0,6,307.0,237.0
H-123D9F4D,same_family,12,same_family_unordered_12,downward,1,Falling,3,original,True,5,False,261.0,356.0,5,370.0,529.0
H-123D9F4D,same_family,12,same_family_unordered_12,downward,2,Falling,9,original,True,4,False,184.0,79.0,4,178.0,81.0
H-E7ECDC56,different_family,4,different_family_unordered_04,downward,1,BackUp,10,original,False,10,False,394.0,407.0,,,
H-E7ECDC56,different_family,4,different_family_unordered_04,downward,2,Balance,4,original,True,3,False,329.0,425.0,3,396.0,428.0
H-30063FD8,same_family,16,same_family_unordered_16,downward,1,FallingAlt,9,original,True,1,True,118.0,464.0,1,118.0,464.0
H-30063FD8,same_family,16,same_family_unordered_16,downward,2,FallingAlt,6,original,True,1,True,139.0,471.0,1,139.0,471.0
H-3FC3B308,different_family,8,different_family_unordered_08,downward,1,Basic,2,original,True,4,False,153.0,351.0,4,282.0,46.0
H-3FC3B308,different_family,8,different_family_unordered_08,downward,2,Falling,7,original,True,3,False,145.0,142.0,3,206.0,112.0
H-B7ED025B,reflected,17,reflected_unordered_17,upward,1,Prevention,4,original,True,2,False,138.0,338.0,2,39.0,323.0
H-B7ED025B,reflected,17,reflected_unordered_17,upward,2,Prevention,4,reflect_y,True,1,True,562.0,330.0,1,562.0,330.0
H-C54D0B7A,same_family,18,same_family_unordered_18,downward,1,Prevention,10,original,True,1,True,115.0,338.0,1,115.0,338.0
H-C54D0B7A,same_family,18,same_family_unordered_18,downward,2,Prevention,5,original,True,3,False,338.0,345.0,3,531.0,348.0
H-D9FA8D62,reflected,11,reflected_unordered_11,upward,1,Falling,1,reflect_y,True,2,False,152.0,142.0,2,321.0,83.0
H-D9FA8D62,reflected,11,reflected_unordered_11,upward,2,Falling,1,original,True,1,True,246.0,93.0,1,246.0,93.0
H-3014078D,different_family,12,different_family_unordered_12,downward,1,BackUp,6,original,True,5,False,88.0,426.0,5,234.0,504.0
H-3014078D,different_family,12,different_family_unordered_12,downward,2,Prevention,7,original,True,1,True,230.0,450.0,1,230.0,450.0
H-3A0E5CD7,same_family,15,same_family_unordered_15,upward,1,FallingAlt,7,original,True,4,False,203.0,437.0,4,294.0,253.0
H-3A0E5CD7,same_family,15,same_family_unordered_15,upward,2,FallingAlt,8,original,True,4,False,160.0,465.0,4,315.0,239.0
H-16601D78,different_family,16,different_family_unordered_16,downward,1,Remove,8,original,True,4,False,280.0,307.0,4,343.0,340.0
H-16601D78,different_family,16,different_family_unordered_16,downward,2,FallingAlt,4,original,True,1,True,282.0,258.0,1,282.0,258.0
H-AB8B6541,same_family,1,same_family_unordered_01,upward,1,BackUp,8,original,False,10,False,227.0,496.0,,,
H-AB8B6541,same_family,1,same_family_unordered_01,upward,2,BackUp,6,original,True,1,True,249.0,436.0,1,249.0,436.0
H-BDA5CCCD,reflected,3,reflected_unordered_03,upward,1,BackUp,7,original,False,10,False,74.0,147.0,,,
H-BDA5CCCD,reflected,3,reflected_unordered_03,upward,2,BackUp,7,reflect_y,True,5,False,527.0,140.0,5,214.0,316.0
H-DE9542AD,different_family,17,different_family_unordered_17,upward,1,Balance,5,original,True,8,False,264.0,446.0,8,215.0,110.0
H-DE9542AD,different_family,17,different_family_unordered_17,upward,2,Basic,10,original,True,2,False,312.0,220.0,2,555.0,41.0
H-3014078D,same_family,4,same_family_unordered_04,downward,1,Balance,8,original,False,10,False,205.0,500.0,,,
H-3014078D,same_family,4,same_family_unordered_04,downward,2,Balance,4,original,True,1,True,345.0,553.0,1,345.0,553.0
H-D72F6F5F,reflected,20,reflected_unordered_20,downward,1,Remove,8,reflect_y,True,3,False,223.0,456.0,3,232.0,529.0
H-D72F6F5F,reflected,20,reflected_unordered_20,downward,2,Remove,8,original,True,1,True,372.0,551.0,1,372.0,551.0
H-0735D043,different_family,14,different_family_unordered_14,downward,1,BalanceUnder,8,original,True,1,True,276.0,447.0,1,276.0,447.0
H-0735D043,different_family,14,different_family_unordered_14,downward,2,Remove,5,original,True,1,True,86.0,486.0,1,86.0,486.0
H-0FC5F8B3,reflected,8,reflected_unordered_08,downward,1,BalanceUnder,5,reflect_y,True,1,True,286.0,331.0,1,286.0,331.0
H-0FC5F8B3,reflected,8,reflected_unordered_08,downward,2,BalanceUnder,5,original,True,1,True,348.0,447.0,1,348.0,447.0
H-06E67C7B,reflected,15,reflected_unordered_15,upward,1,FallingAlt,4,reflect_y,True,1,True,296.0,249.0,1,296.0,249.0
H-06E67C7B,reflected,15,reflected_unordered_15,upward,2,FallingAlt,4,original,False,10,False,346.0,392.0,,,
H-EE04D4D7,different_family,10,different_family_unordered_10,downward,1,FallingAlt,2,original,False,10,False,71.0,384.0,,,
H-EE04D4D7,different_family,10,different_family_unordered_10,downward,2,Falling,9,original,True,2,False,456.0,228.0,2,169.0,85.0
H-DED6BCDE,reflected,19,reflected_unordered_19,upward,1,Remove,6,original,True,2,False,266.0,493.0,2,358.0,510.0
H-DED6BCDE,reflected,19,reflected_unordered_19,upward,2,Remove,6,reflect_y,True,1,True,206.0,508.0,1,206.0,508.0
H-C76B662A,reflected,5,reflected_unordered_05,upward,1,Balance,7,reflect_y,True,5,False,421.0,455.0,5,371.0,46.0
H-C76B662A,reflected,5,reflected_unordered_05,upward,2,Balance,7,original,True,10,False,130.0,257.0,10,114.0,339.0
H-A92EAEEB,same_family,7,same_family_unordered_07,upward,1,BalanceUnder,8,original,True,3,False,367.0,170.0,3,146.0,158.0
H-A92EAEEB,same_family,7,same_family_unordered_07,upward,2,BalanceUnder,2,original,True,1,True,390.0,171.0,1,390.0,171.0
H-D72F6F5F,different_family,3,different_family_unordered_03,upward,1,FallingAlt,10,original,True,4,False,249.0,433.0,4,300.0,315.0
H-D72F6F5F,different_family,3,different_family_unordered_03,upward,2,Balance,2,original,True,1,True,413.0,72.0,1,413.0,72.0
H-FDFBD466,reflected,7,reflected_unordered_07,upward,1,BalanceUnder,2,original,True,3,False,172.0,346.0,3,354.0,146.0
H-FDFBD466,reflected,7,reflected_unordered_07,upward,2,BalanceUnder,2,reflect_y,True,2,False,251.0,171.0,2,247.0,281.0
H-6B73B603,same_family,16,same_family_unordered_16,downward,1,FallingAlt,6,original,True,4,False,278.0,290.0,4,183.0,292.0
H-6B73B603,same_family,16,same_family_unordered_16,downward,2,FallingAlt,9,original,True,1,True,184.0,431.0,1,184.0,431.0
H-82C0890A,reflected,16,reflected_unordered_16,downward,1,FallingAlt,9,original,True,3,False,153.0,488.0,3,171.0,457.0
H-82C0890A,reflected,16,reflected_unordered_16,downward,2,FallingAlt,9,reflect_y,True,2,False,422.0,427.0,2,423.0,524.0
H-F4B10067,different_family,19,different_family_unordered_19,upward,1,Prevention,3,original,True,10,False,183.0,406.0,10,508.0,347.0
H-F4B10067,different_family,19,different_family_unordered_19,upward,2,Remove,1,original,True,4,False,432.0,348.0,4,177.0,48.0
H-CC3968D2,same_family,8,same_family_unordered_08,downward,1,BalanceUnder,6,original,True,1,True,343.0,419.0,1,343.0,419.0
H-CC3968D2,same_family,8,same_family_unordered_08,downward,2,BalanceUnder,3,original,True,1,True,39.0,503.0,1,39.0,503.0
H-5A3BFE3A,different_family,4,different_family_unordered_04,downward,1,Balance,4,original,True,4,False,546.0,356.0,4,454.0,65.0
H-5A3BFE3A,different_family,4,different_family_unordered_04,downward,2,BackUp,10,original,False,10,False,337.0,484.0,,,
H-74F8B327,same_family,13,same_family_unordered_13,upward,1,Falling,2,original,True,2,False,339.0,411.0,2,266.0,145.0
H-74F8B327,same_family,13,same_family_unordered_13,upward,2,Falling,6,original,True,1,True,365.0,132.0,1,365.0,132.0
H-250AEA30,reflected,9,reflected_unordered_09,upward,1,Basic,1,original,True,9,False,65.0,338.0,9,39.0,356.0
H-250AEA30,reflected,9,reflected_unordered_09,upward,2,Basic,1,reflect_y,True,6,False,562.0,303.0,6,562.0,327.0
H-7AFFCD0A,different_family,2,different_family_unordered_02,downward,1,BackUp,7,original,True,4,False,177.0,438.0,4,321.0,62.0
H-7AFFCD0A,different_family,2,different_family_unordered_02,downward,2,BalanceUnder,7,original,True,2,False,330.0,326.0,2,312.0,400.0
H-371E1C33,same_family,19,same_family_unordered_19,upward,1,Remove,8,original,True,5,False,391.0,353.0,5,375.0,355.0
H-371E1C33,same_family,19,same_family_unordered_19,upward,2,Remove,5,original,False,10,False,330.0,240.0,,,
H-156F3BB2,same_family,3,same_family_unordered_03,upward,1,BackUp,3,original,True,2,False,494.0,468.0,2,265.0,418.0
H-156F3BB2,same_family,3,same_family_unordered_03,upward,2,BackUp,5,original,True,4,False,161.0,490.0,4,190.0,486.0
H-48A5FDF1,reflected,10,reflected_unordered_10,downward,1,Basic,2,reflect_y,True,8,False,219.0,416.0,8,75.0,458.0
H-48A5FDF1,reflected,10,reflected_unordered_10,downward,2,Basic,2,original,True,1,True,515.0,453.0,1,515.0,453.0
H-7998DDFF,different_family,15,different_family_unordered_15,upward,1,Remove,6,original,True,2,False,454.0,382.0,2,386.0,484.0
H-7998DDFF,different_family,15,different_family_unordered_15,upward,2,Basic,6,original,True,5,False,353.0,538.0,5,41.0,295.0
H-D9FA8D62,different_family,13,different_family_unordered_13,upward,1,Prevention,8,original,True,3,False,94.0,336.0,3,561.0,557.0
H-D9FA8D62,different_family,13,different_family_unordered_13,upward,2,Balance,3,original,True,1,True,210.0,265.0,1,210.0,265.0
H-5036CECC,reflected,13,reflected_unordered_13,upward,1,Falling,8,original,True,6,False,114.0,347.0,6,41.0,118.0
H-5036CECC,reflected,13,reflected_unordered_13,upward,2,Falling,8,reflect_y,True,4,False,557.0,118.0,4,529.0,118.0
H-ED26E576,different_family,3,different_family_unordered_03,upward,1,Balance,2,original,True,2,False,104.0,197.0,2,426.0,47.0
H-ED26E576,different_family,3,different_family_unordered_03,upward,2,FallingAlt,10,original,True,1,True,315.0,244.0,1,315.0,244.0
H-A497F1D6,reflected,14,reflected_unordered_14,downward,1,FallingAlt,1,original,True,7,False,294.0,254.0,7,306.0,262.0
H-A497F1D6,reflected,14,reflected_unordered_14,downward,2,FallingAlt,1,reflect_y,True,1,True,293.0,262.0,1,293.0,262.0
H-FDFBD466,different_family,9,different_family_unordered_09,upward,1,Falling,8,original,True,1,True,62.0,111.0,1,62.0,111.0
H-FDFBD466,different_family,9,different_family_unordered_09,upward,2,FallingAlt,3,original,True,7,False,330.0,252.0,7,376.0,232.0
H-24037D75,same_family,2,same_family_unordered_02,downward,1,BackUp,9,original,False,10,False,440.0,256.0,,,
H-24037D75,same_family,2,same_family_unordered_02,downward,2,BackUp,7,original,False,10,False,107.0,338.0,,,
H-9B59BD86,different_family,1,different_family_unordered_01,upward,1,BackUp,3,original,True,2,False,214.0,558.0,2,268.0,413.0
H-9B59BD86,different_family,1,different_family_unordered_01,upward,2,Falling,5,original,True,1,True,356.0,79.0,1,356.0,79.0
H-81A648EC,same_family,1,same_family_unordered_01,upward,1,BackUp,6,original,True,1,True,255.0,490.0,1,255.0,490.0
H-81A648EC,same_family,1,same_family_unordered_01,upward,2,BackUp,8,original,False,10,False,474.0,283.0,,,
H-E9D2A1CC,reflected,10,reflected_unordered_10,downward,1,Basic,2,original,True,10,False,46.0,542.0,10,527.0,364.0
H-E9D2A1CC,reflected,10,reflected_unordered_10,downward,2,Basic,2,reflect_y,True,2,False,70.0,354.0,2,84.0,380.0
H-E9F8AD8E,reflected,16,reflected_unordered_16,downward,1,FallingAlt,9,reflect_y,True,1,True,461.0,425.0,1,461.0,425.0
H-E9F8AD8E,reflected,16,reflected_unordered_16,downward,2,FallingAlt,9,original,True,1,True,122.0,422.0,1,122.0,422.0
H-376B458D,different_family,6,different_family_unordered_06,downward,1,Prevention,5,original,True,1,True,474.0,359.0,1,474.0,359.0
H-376B458D,different_family,6,different_family_unordered_06,downward,2,Basic,7,original,False,10,False,254.0,145.0,,,
H-5E741697,same_family,11,same_family_unordered_11,upward,1,Falling,8,original,True,2,False,175.0,298.0,2,65.0,119.0
H-5E741697,same_family,11,same_family_unordered_11,upward,2,Falling,7,original,True,2,False,304.0,310.0,2,201.0,112.0
H-6D291AE8,different_family,2,different_family_unordered_02,downward,1,BalanceUnder,7,original,True,1,True,143.0,372.0,1,143.0,372.0
H-6D291AE8,different_family,2,different_family_unordered_02,downward,2,BackUp,7,original,True,3,False,189.0,492.0,3,325.0,39.0
H-F0E46F8E,reflected,4,reflected_unordered_04,downward,1,Balance,4,original,True,6,False,299.0,431.0,6,423.0,479.0
H-F0E46F8E,reflected,4,reflected_unordered_04,downward,2,Balance,4,reflect_y,True,6,False,165.0,445.0,6,195.0,431.0
H-73B5B2CA,same_family,20,same_family_unordered_20,downward,1,Remove,6,original,True,2,False,481.0,493.0,2,378.0,421.0
H-73B5B2CA,same_family,20,same_family_unordered_20,downward,2,Remove,7,original,False,10,False,379.0,289.0,,,
H-D5327696,reflected,20,reflected_unordered_20,downward,1,Remove,8,original,True,6,False,323.0,351.0,6,368.0,506.0
H-D5327696,reflected,20,reflected_unordered_20,downward,2,Remove,8,reflect_y,True,4,False,333.0,508.0,4,251.0,504.0
H-DC4D35B1,same_family,19,same_family_unordered_19,upward,1,Remove,5,original,False,10,False,275.0,193.0,,,
H-DC4D35B1,same_family,19,same_family_unordered_19,upward,2,Remove,8,original,False,10,False,100.0,451.0,,,
H-5C6A868E,different_family,12,different_family_unordered_12,downward,1,Prevention,7,original,True,3,False,94.0,492.0,3,231.0,418.0
H-5C6A868E,different_family,12,different_family_unordered_12,downward,2,BackUp,6,original,True,1,True,263.0,522.0,1,263.0,522.0
H-42B03F51,same_family,12,same_family_unordered_12,downward,1,Falling,9,original,True,3,False,200.0,108.0,3,180.0,127.0
H-42B03F51,same_family,12,same_family_unordered_12,downward,2,Falling,3,original,False,10,False,275.0,364.0,,,
H-6DC0F922,reflected,6,reflected_unordered_06,downward,1,Balance,10,original,True,1,True,289.0,249.0,1,289.0,249.0
H-6DC0F922,reflected,6,reflected_unordered_06,downward,2,Balance,10,reflect_y,True,2,False,280.0,191.0,2,308.0,252.0
H-E6BB3AD6,different_family,13,different_family_unordered_13,upward,1,Balance,3,original,False,10,False,515.0,398.0,,,
H-E6BB3AD6,different_family,13,different_family_unordered_13,upward,2,Prevention,8,original,True,4,False,92.0,341.0,4,474.0,336.0
H-EFC0B362,same_family,14,same_family_unordered_14,downward,1,FallingAlt,10,original,True,1,True,175.0,461.0,1,175.0,461.0
H-EFC0B362,same_family,14,same_family_unordered_14,downward,2,FallingAlt,4,original,True,1,True,285.0,262.0,1,285.0,262.0
H-4A9EFD0B,different_family,14,different_family_unordered_14,downward,1,Remove,5,original,True,2,False,317.0,416.0,2,354.0,372.0
H-4A9EFD0B,different_family,14,different_family_unordered_14,downward,2,BalanceUnder,8,original,True,1,True,282.0,418.0,1,282.0,418.0
H-0FC5F8B3,different_family,9,different_family_unordered_09,upward,1,FallingAlt,3,original,True,5,False,357.0,556.0,5,289.0,276.0
H-0FC5F8B3,different_family,9,different_family_unordered_09,upward,2,Falling,8,original,True,3,False,96.0,110.0,3,85.0,109.0
H-960105FA,same_family,10,same_family_unordered_10,downward,1,Basic,6,original,True,1,True,38.0,296.0,1,38.0,296.0
H-960105FA,same_family,10,same_family_unordered_10,downward,2,Basic,7,original,True,1,True,561.0,39.0,1,561.0,39.0
H-C916275A,reflected,3,reflected_unordered_03,upward,1,BackUp,7,reflect_y,True,8,False,87.0,171.0,8,220.0,223.0
H-C916275A,reflected,3,reflected_unordered_03,upward,2,BackUp,7,original,True,1,True,358.0,315.0,1,358.0,315.0
H-2F0D5752,reflected,1,reflected_unordered_01,upward,1,BackUp,3,reflect_y,True,1,True,326.0,421.0,1,326.0,421.0
H-2F0D5752,reflected,1,reflected_unordered_01,upward,2,BackUp,3,original,True,1,True,256.0,417.0,1,256.0,417.0
H-D5EAFB29,different_family,8,different_family_unordered_08,downward,1,Falling,7,original,True,8,False,299.0,554.0,8,214.0,113.0
H-D5EAFB29,different_family,8,different_family_unordered_08,downward,2,Basic,2,original,True,4,False,44.0,417.0,4,525.0,407.0
H-8A71D1C4,reflected,7,reflected_unordered_07,upward,1,BalanceUnder,2,reflect_y,True,2,False,70.0,189.0,2,249.0,169.0
H-8A71D1C4,reflected,7,reflected_unordered_07,upward,2,BalanceUnder,2,original,True,5,False,158.0,353.0,5,368.0,266.0
H-9CD7A8BA,different_family,10,different_family_unordered_10,downward,1,Falling,9,original,False,10,False,476.0,151.0,,,
H-9CD7A8BA,different_family,10,different_family_unordered_10,downward,2,FallingAlt,2,original,True,1,True,299.0,473.0,1,299.0,473.0
H-4B66F1A1,different_family,20,different_family_unordered_20,downward,1,Remove,7,original,True,1,True,292.0,426.0,1,292.0,426.0
H-4B66F1A1,different_family,20,different_family_unordered_20,downward,2,BalanceUnder,10,original,True,2,False,302.0,114.0,2,289.0,339.0
H-06622C1E,different_family,11,different_family_unordered_11,upward,1,FallingAlt,7,original,True,3,False,216.0,414.0,3,337.0,246.0
H-06622C1E,different_family,11,different_family_unordered_11,upward,2,BalanceUnder,5,original,True,1,True,186.0,160.0,1,186.0,160.0
H-FDBC7D7C,different_family,16,different_family_unordered_16,downward,1,FallingAlt,4,original,True,8,False,493.0,77.0,8,337.0,241.0
H-FDBC7D7C,different_family,16,different_family_unordered_16,downward,2,Remove,8,original,True,2,False,493.0,53.0,2,342.0,465.0
H-94088DEE,reflected,8,reflected_unordered_08,downward,1,BalanceUnder,5,original,True,4,False,433.0,477.0,4,312.0,341.0
H-94088DEE,reflected,8,reflected_unordered_08,downward,2,BalanceUnder,5,reflect_y,True,8,False,414.0,476.0,8,249.0,486.0
H-2F9FCC3D,different_family,5,different_family_unordered_05,upward,1,Prevention,2,original,False,10,False,96.0,447.0,,,
H-2F9FCC3D,different_family,5,different_family_unordered_05,upward,2,BalanceUnder,6,original,True,5,False,328.0,269.0,5,151.0,167.0
H-5036CECC,different_family,17,different_family_unordered_17,upward,1,Basic,10,original,True,4,False,507.0,492.0,4,550.0,48.0
H-5036CECC,different_family,17,different_family_unordered_17,upward,2,Balance,5,original,False,10,False,480.0,225.0,,,
H-6EE988D5,different_family,5,different_family_unordered_05,upward,1,BalanceUnder,6,original,False,10,False,305.0,273.0,,,
H-6EE988D5,different_family,5,different_family_unordered_05,upward,2,Prevention,2,original,True,1,True,38.0,364.0,1,38.0,364.0
H-FF0AA4D0,same_family,5,same_family_unordered_05,upward,1,Balance,5,original,False,10,False,269.0,381.0,,,
H-FF0AA4D0,same_family,5,same_family_unordered_05,upward,2,Balance,10,original,True,6,False,304.0,165.0,6,349.0,76.0
H-5EBFA016,different_family,18,different_family_unordered_18,downward,1,Falling,10,original,True,2,False,457.0,480.0,2,312.0,478.0
H-5EBFA016,different_family,18,different_family_unordered_18,downward,2,Balance,8,original,True,6,False,161.0,436.0,6,415.0,556.0
H-AB32AA97,different_family,6,different_family_unordered_06,downward,1,Basic,7,original,True,5,False,347.0,194.0,5,533.0,91.0
H-AB32AA97,different_family,6,different_family_unordered_06,downward,2,Prevention,5,original,True,1,True,508.0,349.0,1,508.0,349.0
H-59684AF6,different_family,7,different_family_unordered_07,upward,1,Basic,9,original,True,7,False,269.0,559.0,7,396.0,546.0
H-59684AF6,different_family,7,different_family_unordered_07,upward,2,BackUp,8,original,False,10,False,248.0,479.0,,,
H-6DC0F922,different_family,11,different_family_unordered_11,upward,1,BalanceUnder,5,original,True,4,False,244.0,302.0,4,192.0,155.0
H-6DC0F922,different_family,11,different_family_unordered_11,upward,2,FallingAlt,7,original,True,1,True,351.0,273.0,1,351.0,273.0
H-43EBD6BE,different_family,19,different_family_unordered_19,upward,1,Remove,1,original,False,10,False,331.0,371.0,,,
H-43EBD6BE,different_family,19,different_family_unordered_19,upward,2,Prevention,3,original,True,2,False,466.0,463.0,2,503.0,341.0
H-5272FE88,different_family,1,different_family_unordered_01,upward,1,Falling,5,original,True,2,False,342.0,255.0,2,363.0,284.0
H-5272FE88,different_family,1,different_family_unordered_01,upward,2,BackUp,3,original,True,1,True,308.0,415.0,1,308.0,415.0
H-D0E3EF08,different_family,20,different_family_unordered_20,downward,1,BalanceUnder,10,original,True,1,True,286.0,385.0,1,286.0,385.0
H-D0E3EF08,different_family,20,different_family_unordered_20,downward,2,Remove,7,original,True,5,False,453.0,521.0,5,295.0,541.0
H-09BF33DC,different_family,15,different_family_unordered_15,upward,1,Basic,6,original,False,10,False,329.0,562.0,,,
H-09BF33DC,different_family,15,different_family_unordered_15,upward,2,Remove,6,original,True,1,True,376.0,430.0,1,376.0,430.0
H-76B20B44,same_family,4,same_family_unordered_04,downward,1,Balance,4,original,True,6,False,190.0,447.0,6,278.0,555.0
H-76B20B44,same_family,4,same_family_unordered_04,downward,2,Balance,8,original,True,3,False,321.0,426.0,3,363.0,550.0
