model_key,condition,gravity,attempts,spearman_aq72_pq150,spearman_p_value,mean_aq72,mean_pq150,mean_pq150_success,mean_pq150_failure
gemini_robotics_er,full,all,578,0.08078329814700064,0.052242355651394526,0.421511754786347,0.3351402960317626,0.46451188538897825,0.314958328092037
gemini_robotics_er,full,downward,274,0.06642139944564653,0.27323031569670453,0.47749669893328667,0.4031219289036627,0.5385732886985354,0.3786005620442461
gemini_robotics_er,full,upward,304,0.022664291469795383,0.69388520669677,0.37105164065390817,0.27386737693011726,0.3781069148611617,0.25986505093937995
gemini_robotics_er,neither,all,706,0.19128486953801493,3.040516174362508e-07,0.3935639616381282,0.34654298673022305,0.47252048885519304,0.31312959906983695
gemini_robotics_er,neither,downward,367,0.15633175631892293,0.0026719651360484447,0.4357474119325593,0.4126601870771063,0.5356927731967305,0.375575896934666
gemini_robotics_er,neither,upward,339,0.15821391565054904,0.003492629922283812,0.3478963325583168,0.27496477868507296,0.387288041727722,0.249325772990556
gemini_robotics_er,trace_status,all,427,-0.02343624549310253,0.6291434565171146,0.47320185996777137,0.44353529756688714,0.5716296700532649,0.40333337143270087
gemini_robotics_er,trace_status,downward,207,-0.006405240654341693,0.9270172357775412,0.5488036956862039,0.526137081926525,0.6347606914620412,0.48875363189157456
gemini_robotics_er,trace_status,upward,220,-0.140835657015186,0.0368478600385981,0.40206740545088304,0.3658145277375917,0.5033450958764247,0.32640518365102517
