environment_id,environment_sha256,initial_scene_path,initial_scene_sha256,legacy_cell_id,legacy_layout_id,numbering_basis,paired_environment_id,source_family,source_number,tool_mechanism
001,5a3ade1322b9ede00bcecd17a0fd82b3038d8f3067b30503973d8f0d03d0c0c3,initial_scene.png,4b207b4bed3fdd0a98db66fa7033a63a6a6cf731987a6c96d458c322a2d911bc,BackUp_2_downward,BackUp_2,"Canonical rows 1561-1692 of full_augmented_manifest_1692.json, in stored order.",002,BackUp,2,downward
002,5a3ade1322b9ede00bcecd17a0fd82b3038d8f3067b30503973d8f0d03d0c0c3,initial_scene.png,4b207b4bed3fdd0a98db66fa7033a63a6a6cf731987a6c96d458c322a2d911bc,BackUp_2_upward,BackUp_2,"Canonical rows 1561-1692 of full_augmented_manifest_1692.json, in stored order.",001,BackUp,2,upward
003,d422df64079b95caf0334f9d47284eb14bfde084725f59a8e1ec867be4095c11,initial_scene.png,8a22280b6c002c23d1fbe6aa0aa74e2d168c9dcdb88181e41b01c299fa4fa915,BackUp_3_downward,BackUp_3,"Canonical rows 1561-1692 of full_augmented_manifest_1692.json, in stored order.",004,BackUp,3,downward
004,d422df64079b95caf0334f9d47284eb14bfde084725f59a8e1ec867be4095c11,initial_scene.png,8a22280b6c002c23d1fbe6aa0aa74e2d168c9dcdb88181e41b01c299fa4fa915,BackUp_3_upward,BackUp_3,"Canonical rows 1561-1692 of full_augmented_manifest_1692.json, in stored order.",003,BackUp,3,upward
005,b287bcd4bc433a8ad47bfc447ac471515dd9df3f065f7fdae21395272aea1a9f,initial_scene.png,02e7f7e48fe845d73d47f4e5b1e76209b8253e7746cbf100147912c25abfa0b2,BackUp_4_downward,BackUp_4,"Canonical rows 1561-1692 of full_augmented_manifest_1692.json, in stored order.",006,BackUp,4,downward
006,b287bcd4bc433a8ad47bfc447ac471515dd9df3f065f7fdae21395272aea1a9f,initial_scene.png,02e7f7e48fe845d73d47f4e5b1e76209b8253e7746cbf100147912c25abfa0b2,BackUp_4_upward,BackUp_4,"Canonical rows 1561-1692 of full_augmented_manifest_1692.json, in stored order.",005,BackUp,4,upward
007,842486a4fc21a2ddfd3eff0aa2f63d30c3935c015393dcd4fee0df6be76bb97a,initial_scene.png,6ca942be317770f2f4c0e4e830e2099a268b0d9d440d363b39f63bdb8f024836,BackUp_5_downward,BackUp_5,"Canonical rows 1561-1692 of full_augmented_manifest_1692.json, in stored order.",008,BackUp,5,downward
008,842486a4fc21a2ddfd3eff0aa2f63d30c3935c015393dcd4fee0df6be76bb97a,initial_scene.png,6ca942be317770f2f4c0e4e830e2099a268b0d9d440d363b39f63bdb8f024836,BackUp_5_upward,BackUp_5,"Canonical rows 1561-1692 of full_augmented_manifest_1692.json, in stored order.",007,BackUp,5,upward
009,c71f3e1db39759632816d328b3a9221ea0dff8eba3cfa423fa34b35f5f2645f2,initial_scene.png,bb19671b1cb2fe556ba7b28fc00d114de2c68adf8f222d41d7426b1bebe5c9fc,BackUp_6_downward,BackUp_6,"Canonical rows 1561-1692 of full_augmented_manifest_1692.json, in stored order.",010,BackUp,6,downward
010,c71f3e1db39759632816d328b3a9221ea0dff8eba3cfa423fa34b35f5f2645f2,initial_scene.png,bb19671b1cb2fe556ba7b28fc00d114de2c68adf8f222d41d7426b1bebe5c9fc,BackUp_6_upward,BackUp_6,"Canonical rows 1561-1692 of full_augmented_manifest_1692.json, in stored order.",009,BackUp,6,upward
011,851f8b2a493044d9d9fc7b03adec011aeefd8d6ec99a671e89e49f0a8e1c04de,initial_scene.png,712a3c8ee1a723ff62c977e01d22359ea6943fa89dde914593b44aa533b81be7,BackUp_7_downward,BackUp_7,"Canonical rows 1561-1692 of full_augmented_manifest_1692.json, in stored order.",012,BackUp,7,downward
012,851f8b2a493044d9d9fc7b03adec011aeefd8d6ec99a671e89e49f0a8e1c04de,initial_scene.png,712a3c8ee1a723ff62c977e01d22359ea6943fa89dde914593b44aa533b81be7,BackUp_7_upward,BackUp_7,"Canonical rows 1561-1692 of full_augmented_manifest_1692.json, in stored order.",011,BackUp,7,upward
013,b670e8be2568f88bb9b98b69a8e26eb1451d2400485fd38352480bff00e46bb1,initial_scene.png,6c4ccd6af89244a27fd6247c3816d78f45a8e682430d2e0dd59a5b378b479f59,BackUp_8_downward,BackUp_8,"Canonical rows 1561-1692 of full_augmented_manifest_1692.json, in stored order.",014,BackUp,8,downward
014,b670e8be2568f88bb9b98b69a8e26eb1451d2400485fd38352480bff00e46bb1,initial_scene.png,6c4ccd6af89244a27fd6247c3816d78f45a8e682430d2e0dd59a5b378b479f59,BackUp_8_upward,BackUp_8,"Canonical rows 1561-1692 of full_augmented_manifest_1692.json, in stored order.",013,BackUp,8,upward
015,d6eb622264664db5311f955607b82b89fb489f269414f09b284ce7d53f932b7d,initial_scene.png,cf76c8543caa6e65bbf93fb1f2e298a6847f414515a0e89c48d1eae0a17be898,BackUp_9_downward,BackUp_9,"Canonical rows 1561-1692 of full_augmented_manifest_1692.json, in stored order.",016,BackUp,9,downward
016,d6eb622264664db5311f955607b82b89fb489f269414f09b284ce7d53f932b7d,initial_scene.png,cf76c8543caa6e65bbf93fb1f2e298a6847f414515a0e89c48d1eae0a17be898,BackUp_9_upward,BackUp_9,"Canonical rows 1561-1692 of full_augmented_manifest_1692.json, in stored order.",015,BackUp,9,upward
017,1186d073f459044bec5a8363f322f4c67f59051cb5961460a0d34879fa652aa4,initial_scene.png,dcf68a5122b24ff001f69503d52e3ff04f20e0597dc631d4331a3b4440ebd5cf,BackUp_10_downward,BackUp_10,"Canonical rows 1561-1692 of full_augmented_manifest_1692.json, in stored order.",018,BackUp,10,downward
018,1186d073f459044bec5a8363f322f4c67f59051cb5961460a0d34879fa652aa4,initial_scene.png,dcf68a5122b24ff001f69503d52e3ff04f20e0597dc631d4331a3b4440ebd5cf,BackUp_10_upward,BackUp_10,"Canonical rows 1561-1692 of full_augmented_manifest_1692.json, in stored order.",017,BackUp,10,upward
019,94df526130231ed44292698104c404501a414d2f02538a593a78b4ccb230a3dd,initial_scene.png,d8b56d2c0bd3efdd661e15ec81c868e7c31982fbca4a5bbff99a372fea7d7d63,Balance_1_downward,Balance_1,"Canonical rows 1561-1692 of full_augmented_manifest_1692.json, in stored order.",020,Balance,1,downward
020,94df526130231ed44292698104c404501a414d2f02538a593a78b4ccb230a3dd,initial_scene.png,d8b56d2c0bd3efdd661e15ec81c868e7c31982fbca4a5bbff99a372fea7d7d63,Balance_1_upward,Balance_1,"Canonical rows 1561-1692 of full_augmented_manifest_1692.json, in stored order.",019,Balance,1,upward
021,5d528f1354f2104624aca7a5542d2d9f715f387476c0cf0b9f1bb87212a7667c,initial_scene.png,67019a1f1666ad308f08c52c94cdf9e7e4803aed1f097752ec684bd2f3d2e1c9,Balance_2_downward,Balance_2,"Canonical rows 1561-1692 of full_augmented_manifest_1692.json, in stored order.",022,Balance,2,downward
022,5d528f1354f2104624aca7a5542d2d9f715f387476c0cf0b9f1bb87212a7667c,initial_scene.png,67019a1f1666ad308f08c52c94cdf9e7e4803aed1f097752ec684bd2f3d2e1c9,Balance_2_upward,Balance_2,"Canonical rows 1561-1692 of full_augmented_manifest_1692.json, in stored order.",021,Balance,2,upward
023,cd8f626839a7238bb17197d8e4d265c3013ec7ad7aede6a1a1f49156ba3d4f07,initial_scene.png,a4a01b557b807af19bccce926e99ee0fdab04e1f2a5416b98b42c7ee103a9651,Balance_3_downward,Balance_3,"Canonical rows 1561-1692 of full_augmented_manifest_1692.json, in stored order.",024,Balance,3,downward
024,cd8f626839a7238bb17197d8e4d265c3013ec7ad7aede6a1a1f49156ba3d4f07,initial_scene.png,a4a01b557b807af19bccce926e99ee0fdab04e1f2a5416b98b42c7ee103a9651,Balance_3_upward,Balance_3,"Canonical rows 1561-1692 of full_augmented_manifest_1692.json, in stored order.",023,Balance,3,upward
025,2b0440f9df688b4b24144015b8bb1a5fd00f90abfbbf2167a3fd5131629db05e,initial_scene.png,b260f0379a46a62728b2cbfd5a59f2d2ab07c0cfca1ce1747e25252c704b2a4a,Balance_4_downward,Balance_4,"Canonical rows 1561-1692 of full_augmented_manifest_1692.json, in stored order.",026,Balance,4,downward
026,2b0440f9df688b4b24144015b8bb1a5fd00f90abfbbf2167a3fd5131629db05e,initial_scene.png,b260f0379a46a62728b2cbfd5a59f2d2ab07c0cfca1ce1747e25252c704b2a4a,Balance_4_upward,Balance_4,"Canonical rows 1561-1692 of full_augmented_manifest_1692.json, in stored order.",025,Balance,4,upward
027,2dd0aa419b6792d92f658e74820f449025b07393a024f00e7d93d1da9021d7eb,initial_scene.png,7c4ff2d004f5ce4632fc7e94403c6859480dd7b3e03034f734f20e27c84aa4f6,Balance_5_downward,Balance_5,"Canonical rows 1561-1692 of full_augmented_manifest_1692.json, in stored order.",028,Balance,5,downward
028,2dd0aa419b6792d92f658e74820f449025b07393a024f00e7d93d1da9021d7eb,initial_scene.png,7c4ff2d004f5ce4632fc7e94403c6859480dd7b3e03034f734f20e27c84aa4f6,Balance_5_upward,Balance_5,"Canonical rows 1561-1692 of full_augmented_manifest_1692.json, in stored order.",027,Balance,5,upward
029,bf278eb748763f3b12a995cd1c64629aeddff931fb64935e691b259740d10daa,initial_scene.png,e5d7d3dcd9d0fa090935f283bde1965162173e27d36322646b515efbe009b00d,Balance_7_downward,Balance_7,"Canonical rows 1561-1692 of full_augmented_manifest_1692.json, in stored order.",030,Balance,7,downward
030,bf278eb748763f3b12a995cd1c64629aeddff931fb64935e691b259740d10daa,initial_scene.png,e5d7d3dcd9d0fa090935f283bde1965162173e27d36322646b515efbe009b00d,Balance_7_upward,Balance_7,"Canonical rows 1561-1692 of full_augmented_manifest_1692.json, in stored order.",029,Balance,7,upward
031,34645b67d82e668583a7b9da65d1c9179018896672d4402253bc8b84d277dfc2,initial_scene.png,4d080b2a699a0f0a3534ba7aec43b94e6dc4d1291b5ddf1e2f46cda6adab3eb2,Balance_8_downward,Balance_8,"Canonical rows 1561-1692 of full_augmented_manifest_1692.json, in stored order.",032,Balance,8,downward
032,34645b67d82e668583a7b9da65d1c9179018896672d4402253bc8b84d277dfc2,initial_scene.png,4d080b2a699a0f0a3534ba7aec43b94e6dc4d1291b5ddf1e2f46cda6adab3eb2,Balance_8_upward,Balance_8,"Canonical rows 1561-1692 of full_augmented_manifest_1692.json, in stored order.",031,Balance,8,upward
033,03b0c0c8d9b6616626d1998b17d7f951f935e809866eb554d39fbd2bc43b1f10,initial_scene.png,f9bd150f6ccf04dec8e4abba0e59fa8fedadbafa50f4a296baf0bd0ad2b4c2fa,Balance_10_downward,Balance_10,"Canonical rows 1561-1692 of full_augmented_manifest_1692.json, in stored order.",034,Balance,10,downward
034,03b0c0c8d9b6616626d1998b17d7f951f935e809866eb554d39fbd2bc43b1f10,initial_scene.png,f9bd150f6ccf04dec8e4abba0e59fa8fedadbafa50f4a296baf0bd0ad2b4c2fa,Balance_10_upward,Balance_10,"Canonical rows 1561-1692 of full_augmented_manifest_1692.json, in stored order.",033,Balance,10,upward
035,379ca9e1bd6e32604c19dc972e4b2b9dc2c524dd20df6e0471b86851bf0fe580,initial_scene.png,0cf5c2e48398dc26ceed1521da3905d5a43b7bd3145f376fd3d709d14317eb27,BalanceUnder_2_downward,BalanceUnder_2,"Canonical rows 1561-1692 of full_augmented_manifest_1692.json, in stored order.",036,BalanceUnder,2,downward
036,379ca9e1bd6e32604c19dc972e4b2b9dc2c524dd20df6e0471b86851bf0fe580,initial_scene.png,0cf5c2e48398dc26ceed1521da3905d5a43b7bd3145f376fd3d709d14317eb27,BalanceUnder_2_upward,BalanceUnder_2,"Canonical rows 1561-1692 of full_augmented_manifest_1692.json, in stored order.",035,BalanceUnder,2,upward
037,9cf6f1ed20cffa86cf6e0ef5a49d2e891f7b4498763f13e0cff3d52ebf7453a2,initial_scene.png,c95604914eb23bbe7338a6701736fe56c913aa31cf3cb2ac5348c066dfb8adfc,BalanceUnder_3_downward,BalanceUnder_3,"Canonical rows 1561-1692 of full_augmented_manifest_1692.json, in stored order.",038,BalanceUnder,3,downward
038,9cf6f1ed20cffa86cf6e0ef5a49d2e891f7b4498763f13e0cff3d52ebf7453a2,initial_scene.png,c95604914eb23bbe7338a6701736fe56c913aa31cf3cb2ac5348c066dfb8adfc,BalanceUnder_3_upward,BalanceUnder_3,"Canonical rows 1561-1692 of full_augmented_manifest_1692.json, in stored order.",037,BalanceUnder,3,upward
039,ce306ba9031e6cb28b42a5919cb136c79df85fbe21dd0b2d7389d9d04776c639,initial_scene.png,c9fb12331bf924c1d392845c00c1efddcb8e29945dcda1178356e16f1daa91a9,BalanceUnder_5_downward,BalanceUnder_5,"Canonical rows 1561-1692 of full_augmented_manifest_1692.json, in stored order.",040,BalanceUnder,5,downward
040,ce306ba9031e6cb28b42a5919cb136c79df85fbe21dd0b2d7389d9d04776c639,initial_scene.png,c9fb12331bf924c1d392845c00c1efddcb8e29945dcda1178356e16f1daa91a9,BalanceUnder_5_upward,BalanceUnder_5,"Canonical rows 1561-1692 of full_augmented_manifest_1692.json, in stored order.",039,BalanceUnder,5,upward
041,ebe01b4a181f40c2568e3d82a91b443b0de29f6ed40a8317e8f6139efc3b74ad,initial_scene.png,4467ce51c987a927e9741403a9ebd08e86729708d7b11aa18cf4d84da1d75b4f,BalanceUnder_6_downward,BalanceUnder_6,"Canonical rows 1561-1692 of full_augmented_manifest_1692.json, in stored order.",042,BalanceUnder,6,downward
042,ebe01b4a181f40c2568e3d82a91b443b0de29f6ed40a8317e8f6139efc3b74ad,initial_scene.png,4467ce51c987a927e9741403a9ebd08e86729708d7b11aa18cf4d84da1d75b4f,BalanceUnder_6_upward,BalanceUnder_6,"Canonical rows 1561-1692 of full_augmented_manifest_1692.json, in stored order.",041,BalanceUnder,6,upward
043,8b5b7fb63b8cd48c88d46d3c6ef8e9f69169c32c14f193665c921423ac6d6578,initial_scene.png,465454234de61277c02ae136ebb03d1e2f00a9d1773b04b499bf856d2fad84b4,BalanceUnder_7_downward,BalanceUnder_7,"Canonical rows 1561-1692 of full_augmented_manifest_1692.json, in stored order.",044,BalanceUnder,7,downward
044,8b5b7fb63b8cd48c88d46d3c6ef8e9f69169c32c14f193665c921423ac6d6578,initial_scene.png,465454234de61277c02ae136ebb03d1e2f00a9d1773b04b499bf856d2fad84b4,BalanceUnder_7_upward,BalanceUnder_7,"Canonical rows 1561-1692 of full_augmented_manifest_1692.json, in stored order.",043,BalanceUnder,7,upward
045,d59ea720eefd8d400e9f5f1b6a7414be8dd58618f7fb207a5ac956c310dff657,initial_scene.png,6f2a997c7732344cb15f54da62fbb1a10ef4b85b24ce31e77ed6ae4f5a00efe4,BalanceUnder_8_downward,BalanceUnder_8,"Canonical rows 1561-1692 of full_augmented_manifest_1692.json, in stored order.",046,BalanceUnder,8,downward
046,d59ea720eefd8d400e9f5f1b6a7414be8dd58618f7fb207a5ac956c310dff657,initial_scene.png,6f2a997c7732344cb15f54da62fbb1a10ef4b85b24ce31e77ed6ae4f5a00efe4,BalanceUnder_8_upward,BalanceUnder_8,"Canonical rows 1561-1692 of full_augmented_manifest_1692.json, in stored order.",045,BalanceUnder,8,upward
047,07170673bff3a1c0dd435a02d336f0f96b8983f27bf9c61215ddacf9c2749a1d,initial_scene.png,48add8ddde638ea339cb17b596cd48787651afbaccee3307720aed47e74d0c1d,BalanceUnder_10_downward,BalanceUnder_10,"Canonical rows 1561-1692 of full_augmented_manifest_1692.json, in stored order.",048,BalanceUnder,10,downward
048,07170673bff3a1c0dd435a02d336f0f96b8983f27bf9c61215ddacf9c2749a1d,initial_scene.png,48add8ddde638ea339cb17b596cd48787651afbaccee3307720aed47e74d0c1d,BalanceUnder_10_upward,BalanceUnder_10,"Canonical rows 1561-1692 of full_augmented_manifest_1692.json, in stored order.",047,BalanceUnder,10,upward
049,6291439be4b245df893157313639fcf51a626242eaf972541d8bfee63896bd03,initial_scene.png,7058247573b86bb01e68f468aa627346d78fef9864d64cdbb2c8d8c2739cef5f,Basic_1_downward,Basic_1,"Canonical rows 1561-1692 of full_augmented_manifest_1692.json, in stored order.",050,Basic,1,downward
050,6291439be4b245df893157313639fcf51a626242eaf972541d8bfee63896bd03,initial_scene.png,7058247573b86bb01e68f468aa627346d78fef9864d64cdbb2c8d8c2739cef5f,Basic_1_upward,Basic_1,"Canonical rows 1561-1692 of full_augmented_manifest_1692.json, in stored order.",049,Basic,1,upward
051,a33f289ff0b471f47e5ed96eab8be0c08d262f513d1c25ae82618729b0b29b19,initial_scene.png,9d23668e9d3b1a6eb133c6e974af7aac1aa49901ed0217f03f63e5bfc5d7fefe,Basic_2_downward,Basic_2,"Canonical rows 1561-1692 of full_augmented_manifest_1692.json, in stored order.",052,Basic,2,downward
052,a33f289ff0b471f47e5ed96eab8be0c08d262f513d1c25ae82618729b0b29b19,initial_scene.png,9d23668e9d3b1a6eb133c6e974af7aac1aa49901ed0217f03f63e5bfc5d7fefe,Basic_2_upward,Basic_2,"Canonical rows 1561-1692 of full_augmented_manifest_1692.json, in stored order.",051,Basic,2,upward
053,6b9978ebd85948124c0c0a256f6529bf5329baf743fafd3c40f24e6082cba33e,initial_scene.png,5f6fa8b379bd1c38faffa05ed69f62042331669d38402b4a46ff64b94ab6bab2,Basic_6_downward,Basic_6,"Canonical rows 1561-1692 of full_augmented_manifest_1692.json, in stored order.",054,Basic,6,downward
054,6b9978ebd85948124c0c0a256f6529bf5329baf743fafd3c40f24e6082cba33e,initial_scene.png,5f6fa8b379bd1c38faffa05ed69f62042331669d38402b4a46ff64b94ab6bab2,Basic_6_upward,Basic_6,"Canonical rows 1561-1692 of full_augmented_manifest_1692.json, in stored order.",053,Basic,6,upward
055,59e30f4e47fd5350e83b6dbf973b9ad080e6c775c8e5fac1f3123c40ae50232e,initial_scene.png,c6008211b2a7867f77827bc50b5ac0815ea3facfa382e0dd71fc8a3ab4184157,Basic_7_downward,Basic_7,"Canonical rows 1561-1692 of full_augmented_manifest_1692.json, in stored order.",056,Basic,7,downward
056,59e30f4e47fd5350e83b6dbf973b9ad080e6c775c8e5fac1f3123c40ae50232e,initial_scene.png,c6008211b2a7867f77827bc50b5ac0815ea3facfa382e0dd71fc8a3ab4184157,Basic_7_upward,Basic_7,"Canonical rows 1561-1692 of full_augmented_manifest_1692.json, in stored order.",055,Basic,7,upward
057,693512274d46500d7443011ed7922bb3942a654844ea166c5a2590d83490e838,initial_scene.png,653519f30a3460d82731058a51129f8552d384c93554e187dd80a24b32d23461,Basic_8_downward,Basic_8,"Canonical rows 1561-1692 of full_augmented_manifest_1692.json, in stored order.",058,Basic,8,downward
058,693512274d46500d7443011ed7922bb3942a654844ea166c5a2590d83490e838,initial_scene.png,653519f30a3460d82731058a51129f8552d384c93554e187dd80a24b32d23461,Basic_8_upward,Basic_8,"Canonical rows 1561-1692 of full_augmented_manifest_1692.json, in stored order.",057,Basic,8,upward
059,0b7beb3d0c7e9f6481d4c6c270e01146e3e3daf286e1194d78781702dd58f51b,initial_scene.png,8cb7a1ec8da5e69723ee615bc51f200bd98ffc4527c2d5d60b301c09ba831f54,Basic_9_downward,Basic_9,"Canonical rows 1561-1692 of full_augmented_manifest_1692.json, in stored order.",060,Basic,9,downward
060,0b7beb3d0c7e9f6481d4c6c270e01146e3e3daf286e1194d78781702dd58f51b,initial_scene.png,8cb7a1ec8da5e69723ee615bc51f200bd98ffc4527c2d5d60b301c09ba831f54,Basic_9_upward,Basic_9,"Canonical rows 1561-1692 of full_augmented_manifest_1692.json, in stored order.",059,Basic,9,upward
061,e79dae7720f1fcadca1d9828a9938cd9f3d12d87b1e6bb24203bc9f9deeb8e2d,initial_scene.png,be729df18596444c22cce5388d16e37f40900c16f158503cbadd68729f5b10ce,Basic_10_downward,Basic_10,"Canonical rows 1561-1692 of full_augmented_manifest_1692.json, in stored order.",062,Basic,10,downward
062,e79dae7720f1fcadca1d9828a9938cd9f3d12d87b1e6bb24203bc9f9deeb8e2d,initial_scene.png,be729df18596444c22cce5388d16e37f40900c16f158503cbadd68729f5b10ce,Basic_10_upward,Basic_10,"Canonical rows 1561-1692 of full_augmented_manifest_1692.json, in stored order.",061,Basic,10,upward
063,df103f4b88307e2334e5f90474d83067af6c619fe4184f977484251af902e0b4,initial_scene.png,8111bb0d6107e4404e0209fad22f05b1d9c7c6a9d3deba03a94a52a38b0683c5,Falling_1_downward,Falling_1,"Canonical rows 1561-1692 of full_augmented_manifest_1692.json, in stored order.",064,Falling,1,downward
064,df103f4b88307e2334e5f90474d83067af6c619fe4184f977484251af902e0b4,initial_scene.png,8111bb0d6107e4404e0209fad22f05b1d9c7c6a9d3deba03a94a52a38b0683c5,Falling_1_upward,Falling_1,"Canonical rows 1561-1692 of full_augmented_manifest_1692.json, in stored order.",063,Falling,1,upward
065,6bc24aed27d916914a6f5cc621519711d735b2f946f1324dbbc68ecd42139c23,initial_scene.png,d313e108a487fad50659e3a409c92e471dad1de6e243c299ab2ba54d93c81458,Falling_2_downward,Falling_2,"Canonical rows 1561-1692 of full_augmented_manifest_1692.json, in stored order.",066,Falling,2,downward
066,6bc24aed27d916914a6f5cc621519711d735b2f946f1324dbbc68ecd42139c23,initial_scene.png,d313e108a487fad50659e3a409c92e471dad1de6e243c299ab2ba54d93c81458,Falling_2_upward,Falling_2,"Canonical rows 1561-1692 of full_augmented_manifest_1692.json, in stored order.",065,Falling,2,upward
067,e87c062cefa6995c77e6005295446264ccf7b94a927ffb8f31f463f07f0ee1f7,initial_scene.png,76807ea853b9f89fbe55dd77fe6662b83864a6ccafda95b7cbd2739d3023927e,Falling_3_downward,Falling_3,"Canonical rows 1561-1692 of full_augmented_manifest_1692.json, in stored order.",068,Falling,3,downward
068,e87c062cefa6995c77e6005295446264ccf7b94a927ffb8f31f463f07f0ee1f7,initial_scene.png,76807ea853b9f89fbe55dd77fe6662b83864a6ccafda95b7cbd2739d3023927e,Falling_3_upward,Falling_3,"Canonical rows 1561-1692 of full_augmented_manifest_1692.json, in stored order.",067,Falling,3,upward
069,667482df62e0032d3e7128677854039390ff00b5545e4f76cb628a4f8bd50fbc,initial_scene.png,76807ea853b9f89fbe55dd77fe6662b83864a6ccafda95b7cbd2739d3023927e,Falling_5_downward,Falling_5,"Canonical rows 1561-1692 of full_augmented_manifest_1692.json, in stored order.",070,Falling,5,downward
070,667482df62e0032d3e7128677854039390ff00b5545e4f76cb628a4f8bd50fbc,initial_scene.png,76807ea853b9f89fbe55dd77fe6662b83864a6ccafda95b7cbd2739d3023927e,Falling_5_upward,Falling_5,"Canonical rows 1561-1692 of full_augmented_manifest_1692.json, in stored order.",069,Falling,5,upward
071,0adb96f5e60c59387d31ace6dfe045697015a5c6b964fae480e6568c2f2d090e,initial_scene.png,5fa0a13532cbd010b3d09ce9c936409f48671fb3ba961b50fb199dfe44359887,Falling_6_downward,Falling_6,"Canonical rows 1561-1692 of full_augmented_manifest_1692.json, in stored order.",072,Falling,6,downward
072,0adb96f5e60c59387d31ace6dfe045697015a5c6b964fae480e6568c2f2d090e,initial_scene.png,5fa0a13532cbd010b3d09ce9c936409f48671fb3ba961b50fb199dfe44359887,Falling_6_upward,Falling_6,"Canonical rows 1561-1692 of full_augmented_manifest_1692.json, in stored order.",071,Falling,6,upward
073,2fac02c658813c8ad3184c788e160fbce6c3d47a27319a820925192818cf1461,initial_scene.png,f0eb768426b7ba807fd44fa3cb18701a2beb88236eccdd3fe0788df885c07c32,Falling_7_downward,Falling_7,"Canonical rows 1561-1692 of full_augmented_manifest_1692.json, in stored order.",074,Falling,7,downward
074,2fac02c658813c8ad3184c788e160fbce6c3d47a27319a820925192818cf1461,initial_scene.png,f0eb768426b7ba807fd44fa3cb18701a2beb88236eccdd3fe0788df885c07c32,Falling_7_upward,Falling_7,"Canonical rows 1561-1692 of full_augmented_manifest_1692.json, in stored order.",073,Falling,7,upward
075,c396ee90460bcd3bcca330a8bd882815f7061780a2b3f38d0ac8a144d81ce078,initial_scene.png,c1e26e4704cc5c6cef65f81ebf90f222013966960d5c27450c30afe7344ead0e,Falling_8_downward,Falling_8,"Canonical rows 1561-1692 of full_augmented_manifest_1692.json, in stored order.",076,Falling,8,downward
076,c396ee90460bcd3bcca330a8bd882815f7061780a2b3f38d0ac8a144d81ce078,initial_scene.png,c1e26e4704cc5c6cef65f81ebf90f222013966960d5c27450c30afe7344ead0e,Falling_8_upward,Falling_8,"Canonical rows 1561-1692 of full_augmented_manifest_1692.json, in stored order.",075,Falling,8,upward
077,5c02538ae962b6fc4ecc4fbb4016299a1e4cf26e1c5c32a7bc9a53d9d9282d07,initial_scene.png,350c8fd455bd8eaf083c74a3f477da4d85c87b624a4bce8f6ab974fd8a062a05,Falling_9_downward,Falling_9,"Canonical rows 1561-1692 of full_augmented_manifest_1692.json, in stored order.",078,Falling,9,downward
078,5c02538ae962b6fc4ecc4fbb4016299a1e4cf26e1c5c32a7bc9a53d9d9282d07,initial_scene.png,350c8fd455bd8eaf083c74a3f477da4d85c87b624a4bce8f6ab974fd8a062a05,Falling_9_upward,Falling_9,"Canonical rows 1561-1692 of full_augmented_manifest_1692.json, in stored order.",077,Falling,9,upward
079,fe86f352cf4f3afc433c124ac69bedbd4ef5ba2fe5027479c03d3d9429ed6344,initial_scene.png,2742b032bfbf2df34a7c79b54c8d3d8ecafb853e25b25e8e2583e9174527a076,Falling_10_downward,Falling_10,"Canonical rows 1561-1692 of full_augmented_manifest_1692.json, in stored order.",080,Falling,10,downward
080,fe86f352cf4f3afc433c124ac69bedbd4ef5ba2fe5027479c03d3d9429ed6344,initial_scene.png,2742b032bfbf2df34a7c79b54c8d3d8ecafb853e25b25e8e2583e9174527a076,Falling_10_upward,Falling_10,"Canonical rows 1561-1692 of full_augmented_manifest_1692.json, in stored order.",079,Falling,10,upward
081,ef8e97be7a93f58d2a4148817cdb120983a2003191f9853b6b906eeaf73cb9c7,initial_scene.png,f2b3815be04303dc0c6d010f5874c172e8fb0641cf507b92c37390a07d73f0ea,FallingAlt_1_downward,FallingAlt_1,"Canonical rows 1561-1692 of full_augmented_manifest_1692.json, in stored order.",082,FallingAlt,1,downward
082,ef8e97be7a93f58d2a4148817cdb120983a2003191f9853b6b906eeaf73cb9c7,initial_scene.png,f2b3815be04303dc0c6d010f5874c172e8fb0641cf507b92c37390a07d73f0ea,FallingAlt_1_upward,FallingAlt_1,"Canonical rows 1561-1692 of full_augmented_manifest_1692.json, in stored order.",081,FallingAlt,1,upward
083,c698c8e6ef154b12a56ee9f429f844a1213ea8382366e6c3f92c2f13841dcc5d,initial_scene.png,a201305b7772ad3fca84381b0a743fe819c823e79bc7eb0b807219ac8977d4c5,FallingAlt_2_downward,FallingAlt_2,"Canonical rows 1561-1692 of full_augmented_manifest_1692.json, in stored order.",084,FallingAlt,2,downward
084,c698c8e6ef154b12a56ee9f429f844a1213ea8382366e6c3f92c2f13841dcc5d,initial_scene.png,a201305b7772ad3fca84381b0a743fe819c823e79bc7eb0b807219ac8977d4c5,FallingAlt_2_upward,FallingAlt_2,"Canonical rows 1561-1692 of full_augmented_manifest_1692.json, in stored order.",083,FallingAlt,2,upward
085,e04a4742e75f414ff12ac47c37c90b10d994751875f30df07adb946583610bcb,initial_scene.png,bb6867b0258752af1802ca9bdcead4b44c9f653ec5f9347258caf86cb088a682,FallingAlt_3_downward,FallingAlt_3,"Canonical rows 1561-1692 of full_augmented_manifest_1692.json, in stored order.",086,FallingAlt,3,downward
086,e04a4742e75f414ff12ac47c37c90b10d994751875f30df07adb946583610bcb,initial_scene.png,bb6867b0258752af1802ca9bdcead4b44c9f653ec5f9347258caf86cb088a682,FallingAlt_3_upward,FallingAlt_3,"Canonical rows 1561-1692 of full_augmented_manifest_1692.json, in stored order.",085,FallingAlt,3,upward
087,183fc79d6c63ac88a266ffd1f0d6d706c44f2a53525a5e41763913c65c85d31c,initial_scene.png,98ac8fc5efa5ede68330a544de6dfd8cead5290308d250eaf7d74ede0469c77d,FallingAlt_4_downward,FallingAlt_4,"Canonical rows 1561-1692 of full_augmented_manifest_1692.json, in stored order.",088,FallingAlt,4,downward
088,183fc79d6c63ac88a266ffd1f0d6d706c44f2a53525a5e41763913c65c85d31c,initial_scene.png,98ac8fc5efa5ede68330a544de6dfd8cead5290308d250eaf7d74ede0469c77d,FallingAlt_4_upward,FallingAlt_4,"Canonical rows 1561-1692 of full_augmented_manifest_1692.json, in stored order.",087,FallingAlt,4,upward
089,812de125c68d137276b8600382ea9f06af3214c4ae226774d50efdcf3723850b,initial_scene.png,ae4148772480ec964ad9114ee55558c8a0b79c89199a188fb5a31be90e8a125c,FallingAlt_5_downward,FallingAlt_5,"Canonical rows 1561-1692 of full_augmented_manifest_1692.json, in stored order.",090,FallingAlt,5,downward
090,812de125c68d137276b8600382ea9f06af3214c4ae226774d50efdcf3723850b,initial_scene.png,ae4148772480ec964ad9114ee55558c8a0b79c89199a188fb5a31be90e8a125c,FallingAlt_5_upward,FallingAlt_5,"Canonical rows 1561-1692 of full_augmented_manifest_1692.json, in stored order.",089,FallingAlt,5,upward
091,159c366f7b4de6b2aad2c042c1b924a2f580e96f814a53050c3b47a7de76103b,initial_scene.png,b3fa5194c4fbfc874e6a282da5716cb75cd88b1a483b2912abd5efeb806096fe,FallingAlt_6_downward,FallingAlt_6,"Canonical rows 1561-1692 of full_augmented_manifest_1692.json, in stored order.",092,FallingAlt,6,downward
092,159c366f7b4de6b2aad2c042c1b924a2f580e96f814a53050c3b47a7de76103b,initial_scene.png,b3fa5194c4fbfc874e6a282da5716cb75cd88b1a483b2912abd5efeb806096fe,FallingAlt_6_upward,FallingAlt_6,"Canonical rows 1561-1692 of full_augmented_manifest_1692.json, in stored order.",091,FallingAlt,6,upward
093,a82ea12e26a834349213878665973c74ea13ca29a901ad566508d04835b51cb6,initial_scene.png,241574fbc1bb93c3ae0f0ef1d4f0e63cc0a50235cf04fca2ec596180531b909c,FallingAlt_7_downward,FallingAlt_7,"Canonical rows 1561-1692 of full_augmented_manifest_1692.json, in stored order.",094,FallingAlt,7,downward
094,a82ea12e26a834349213878665973c74ea13ca29a901ad566508d04835b51cb6,initial_scene.png,241574fbc1bb93c3ae0f0ef1d4f0e63cc0a50235cf04fca2ec596180531b909c,FallingAlt_7_upward,FallingAlt_7,"Canonical rows 1561-1692 of full_augmented_manifest_1692.json, in stored order.",093,FallingAlt,7,upward
095,008a84f295cb0a62f55fa7eeeddf522d1b8e3db81c14e17f38bdab59d0014106,initial_scene.png,4c9b4865184937f780cb60b31185d05d0ee4efdc27cf9eac7cd4b6947081ea30,FallingAlt_8_downward,FallingAlt_8,"Canonical rows 1561-1692 of full_augmented_manifest_1692.json, in stored order.",096,FallingAlt,8,downward
096,008a84f295cb0a62f55fa7eeeddf522d1b8e3db81c14e17f38bdab59d0014106,initial_scene.png,4c9b4865184937f780cb60b31185d05d0ee4efdc27cf9eac7cd4b6947081ea30,FallingAlt_8_upward,FallingAlt_8,"Canonical rows 1561-1692 of full_augmented_manifest_1692.json, in stored order.",095,FallingAlt,8,upward
097,215a464a5a80f0d49ed79a2cc7f0a236cfb21b519996c780a40c4092361fd615,initial_scene.png,882c23b8622378e39735358b3a80b6bfcf8bbfc7b2432d0d273302c803572baa,FallingAlt_9_downward,FallingAlt_9,"Canonical rows 1561-1692 of full_augmented_manifest_1692.json, in stored order.",098,FallingAlt,9,downward
098,215a464a5a80f0d49ed79a2cc7f0a236cfb21b519996c780a40c4092361fd615,initial_scene.png,882c23b8622378e39735358b3a80b6bfcf8bbfc7b2432d0d273302c803572baa,FallingAlt_9_upward,FallingAlt_9,"Canonical rows 1561-1692 of full_augmented_manifest_1692.json, in stored order.",097,FallingAlt,9,upward
099,3e2f20a26dff797ffce88c3d6940f37fef41f2399dd0e6f006d46aaee33ac88c,initial_scene.png,ef74102447c582aa92c5509fabaa8af34f41014afcd413eeb71d6aa79460c3f3,FallingAlt_10_downward,FallingAlt_10,"Canonical rows 1561-1692 of full_augmented_manifest_1692.json, in stored order.",100,FallingAlt,10,downward
100,3e2f20a26dff797ffce88c3d6940f37fef41f2399dd0e6f006d46aaee33ac88c,initial_scene.png,ef74102447c582aa92c5509fabaa8af34f41014afcd413eeb71d6aa79460c3f3,FallingAlt_10_upward,FallingAlt_10,"Canonical rows 1561-1692 of full_augmented_manifest_1692.json, in stored order.",099,FallingAlt,10,upward
101,6e823d62fee7f1da555cf2bf04c4043a745b31830c9784b23727a55777536782,initial_scene.png,853196f8035e7dce3e082aa5a63b4ce5bf34d85b0b0e449e43a70f5e967ddf57,Prevention_1_downward,Prevention_1,"Canonical rows 1561-1692 of full_augmented_manifest_1692.json, in stored order.",102,Prevention,1,downward
102,6e823d62fee7f1da555cf2bf04c4043a745b31830c9784b23727a55777536782,initial_scene.png,853196f8035e7dce3e082aa5a63b4ce5bf34d85b0b0e449e43a70f5e967ddf57,Prevention_1_upward,Prevention_1,"Canonical rows 1561-1692 of full_augmented_manifest_1692.json, in stored order.",101,Prevention,1,upward
103,649683f7c4cb9632e8b8d65618db94bccfb4096f93ecf15400c9689d37f24140,initial_scene.png,8288f4c38f15cceda868a52c6506c68bb26030bdc8f71649fb1c044a65177686,Prevention_2_downward,Prevention_2,"Canonical rows 1561-1692 of full_augmented_manifest_1692.json, in stored order.",104,Prevention,2,downward
104,649683f7c4cb9632e8b8d65618db94bccfb4096f93ecf15400c9689d37f24140,initial_scene.png,8288f4c38f15cceda868a52c6506c68bb26030bdc8f71649fb1c044a65177686,Prevention_2_upward,Prevention_2,"Canonical rows 1561-1692 of full_augmented_manifest_1692.json, in stored order.",103,Prevention,2,upward
105,2af490757151dce02db175aca910d961b8e2811d8c932a09eef88dd499101181,initial_scene.png,f4e0b9c09f7273b9d55a156b45f8bee07cb9609a3733a7ac7b6f06d58eb89ad0,Prevention_3_downward,Prevention_3,"Canonical rows 1561-1692 of full_augmented_manifest_1692.json, in stored order.",106,Prevention,3,downward
106,2af490757151dce02db175aca910d961b8e2811d8c932a09eef88dd499101181,initial_scene.png,f4e0b9c09f7273b9d55a156b45f8bee07cb9609a3733a7ac7b6f06d58eb89ad0,Prevention_3_upward,Prevention_3,"Canonical rows 1561-1692 of full_augmented_manifest_1692.json, in stored order.",105,Prevention,3,upward
107,942ad7f1cffc02c30c9d4b6a82881fdeb795ce64ddce5c2fdec7727e84a20631,initial_scene.png,64e4fad9a9ec2662257102a4fca6c3a74c5e986d2afcd91b3f16368f51f2d4eb,Prevention_4_downward,Prevention_4,"Canonical rows 1561-1692 of full_augmented_manifest_1692.json, in stored order.",108,Prevention,4,downward
108,942ad7f1cffc02c30c9d4b6a82881fdeb795ce64ddce5c2fdec7727e84a20631,initial_scene.png,64e4fad9a9ec2662257102a4fca6c3a74c5e986d2afcd91b3f16368f51f2d4eb,Prevention_4_upward,Prevention_4,"Canonical rows 1561-1692 of full_augmented_manifest_1692.json, in stored order.",107,Prevention,4,upward
109,094aa22ca7c706975966bd9026b0c35acc97b484ef5069dd2849d3abfdde5192,initial_scene.png,973b735f2020c05c9ecb727f10b606e90e34454962d334a1bd2a666fc398e983,Prevention_5_downward,Prevention_5,"Canonical rows 1561-1692 of full_augmented_manifest_1692.json, in stored order.",110,Prevention,5,downward
110,094aa22ca7c706975966bd9026b0c35acc97b484ef5069dd2849d3abfdde5192,initial_scene.png,973b735f2020c05c9ecb727f10b606e90e34454962d334a1bd2a666fc398e983,Prevention_5_upward,Prevention_5,"Canonical rows 1561-1692 of full_augmented_manifest_1692.json, in stored order.",109,Prevention,5,upward
111,6c27ab69bb6d53d2a777058f9a44374f9efc14247ad58387dd5743e0f64a0c24,initial_scene.png,f50f83367bf7990aa31aeee93653c8d580efa7dc358f6951e1c277d826dff53b,Prevention_7_downward,Prevention_7,"Canonical rows 1561-1692 of full_augmented_manifest_1692.json, in stored order.",112,Prevention,7,downward
112,6c27ab69bb6d53d2a777058f9a44374f9efc14247ad58387dd5743e0f64a0c24,initial_scene.png,f50f83367bf7990aa31aeee93653c8d580efa7dc358f6951e1c277d826dff53b,Prevention_7_upward,Prevention_7,"Canonical rows 1561-1692 of full_augmented_manifest_1692.json, in stored order.",111,Prevention,7,upward
113,4dfe15ae7bcde33c87625a6873e741ec1804ba77c20f097f3d164f22ea2b4c26,initial_scene.png,e3db797c36f1b14bba774d891db9ba64da218d852c2de85a5367578bcf890f77,Prevention_8_downward,Prevention_8,"Canonical rows 1561-1692 of full_augmented_manifest_1692.json, in stored order.",114,Prevention,8,downward
114,4dfe15ae7bcde33c87625a6873e741ec1804ba77c20f097f3d164f22ea2b4c26,initial_scene.png,e3db797c36f1b14bba774d891db9ba64da218d852c2de85a5367578bcf890f77,Prevention_8_upward,Prevention_8,"Canonical rows 1561-1692 of full_augmented_manifest_1692.json, in stored order.",113,Prevention,8,upward
115,706ccee3e0fd9b8d5f353d5e41ffead7cf4fab3212d40d21dbb23e3bb0e9b934,initial_scene.png,2bd67680a6d87c85a3e6269bc965e9154e6be943d81bfdcb50f651ecf4681230,Prevention_10_downward,Prevention_10,"Canonical rows 1561-1692 of full_augmented_manifest_1692.json, in stored order.",116,Prevention,10,downward
116,706ccee3e0fd9b8d5f353d5e41ffead7cf4fab3212d40d21dbb23e3bb0e9b934,initial_scene.png,2bd67680a6d87c85a3e6269bc965e9154e6be943d81bfdcb50f651ecf4681230,Prevention_10_upward,Prevention_10,"Canonical rows 1561-1692 of full_augmented_manifest_1692.json, in stored order.",115,Prevention,10,upward
117,ef3aa0fe3dae72a0b0bf8876750dc93fab27314b5af7338527d9d4e272a8e6ee,initial_scene.png,bc3c2922589fd0ce3c44cb9c050e0b8bbc1ee2336291a52852048737ccaed65e,Remove_1_downward,Remove_1,"Canonical rows 1561-1692 of full_augmented_manifest_1692.json, in stored order.",118,Remove,1,downward
118,ef3aa0fe3dae72a0b0bf8876750dc93fab27314b5af7338527d9d4e272a8e6ee,initial_scene.png,bc3c2922589fd0ce3c44cb9c050e0b8bbc1ee2336291a52852048737ccaed65e,Remove_1_upward,Remove_1,"Canonical rows 1561-1692 of full_augmented_manifest_1692.json, in stored order.",117,Remove,1,upward
119,ada262c9912a50fc48d1ebc359a196433defc984877bf23a96546caadc7ac4fb,initial_scene.png,743e08f0bbdd591f338e36967dcb5432926b973c75da5feac971545753ab8a44,Remove_2_downward,Remove_2,"Canonical rows 1561-1692 of full_augmented_manifest_1692.json, in stored order.",120,Remove,2,downward
120,ada262c9912a50fc48d1ebc359a196433defc984877bf23a96546caadc7ac4fb,initial_scene.png,743e08f0bbdd591f338e36967dcb5432926b973c75da5feac971545753ab8a44,Remove_2_upward,Remove_2,"Canonical rows 1561-1692 of full_augmented_manifest_1692.json, in stored order.",119,Remove,2,upward
121,b9153584a7706615350bd3a0da4191386ce9c974658e05bf995e80c6a7c7d916,initial_scene.png,863753e6c40599459c2568f87dcc8f2f6dcd59b413b2f1732c07635cbb72806e,Remove_5_downward,Remove_5,"Canonical rows 1561-1692 of full_augmented_manifest_1692.json, in stored order.",122,Remove,5,downward
122,b9153584a7706615350bd3a0da4191386ce9c974658e05bf995e80c6a7c7d916,initial_scene.png,863753e6c40599459c2568f87dcc8f2f6dcd59b413b2f1732c07635cbb72806e,Remove_5_upward,Remove_5,"Canonical rows 1561-1692 of full_augmented_manifest_1692.json, in stored order.",121,Remove,5,upward
123,14264ce03094c6e078966f01bc066f4704f9fa043351399e5509225500ec9e92,initial_scene.png,2aae85283b441abe0a53ff1b4c76ff26d7b9b3dc91a168ffc146e0229770c4bd,Remove_6_downward,Remove_6,"Canonical rows 1561-1692 of full_augmented_manifest_1692.json, in stored order.",124,Remove,6,downward
124,14264ce03094c6e078966f01bc066f4704f9fa043351399e5509225500ec9e92,initial_scene.png,2aae85283b441abe0a53ff1b4c76ff26d7b9b3dc91a168ffc146e0229770c4bd,Remove_6_upward,Remove_6,"Canonical rows 1561-1692 of full_augmented_manifest_1692.json, in stored order.",123,Remove,6,upward
125,2b5e327929c6a40a4b9565f353865c0dd837ae428ef9a4809a420815f3780e6a,initial_scene.png,e2510b251981c2e982b6c4bd08b0fa553d2cba98b5984798e37f1f3c62b9e31d,Remove_7_downward,Remove_7,"Canonical rows 1561-1692 of full_augmented_manifest_1692.json, in stored order.",126,Remove,7,downward
126,2b5e327929c6a40a4b9565f353865c0dd837ae428ef9a4809a420815f3780e6a,initial_scene.png,e2510b251981c2e982b6c4bd08b0fa553d2cba98b5984798e37f1f3c62b9e31d,Remove_7_upward,Remove_7,"Canonical rows 1561-1692 of full_augmented_manifest_1692.json, in stored order.",125,Remove,7,upward
127,3ff06277d8131be34c447567c9a070c6dd6fc10eea81e1019622b2f9cb534974,initial_scene.png,e5fb6ed247f28237e6a295e94e5b90c34be0796eac6a98905199015a634bb898,Remove_8_downward,Remove_8,"Canonical rows 1561-1692 of full_augmented_manifest_1692.json, in stored order.",128,Remove,8,downward
128,3ff06277d8131be34c447567c9a070c6dd6fc10eea81e1019622b2f9cb534974,initial_scene.png,e5fb6ed247f28237e6a295e94e5b90c34be0796eac6a98905199015a634bb898,Remove_8_upward,Remove_8,"Canonical rows 1561-1692 of full_augmented_manifest_1692.json, in stored order.",127,Remove,8,upward
129,b2b6a0bd6987d8bd79b41efb2d41a4e8707246914fd097d4a87e3b28f0c91e85,initial_scene.png,199b8930084da2e9da94da3034542b1775ad1a9d0239f113ecd047e1fb646e0f,Remove_9_downward,Remove_9,"Canonical rows 1561-1692 of full_augmented_manifest_1692.json, in stored order.",130,Remove,9,downward
130,b2b6a0bd6987d8bd79b41efb2d41a4e8707246914fd097d4a87e3b28f0c91e85,initial_scene.png,199b8930084da2e9da94da3034542b1775ad1a9d0239f113ecd047e1fb646e0f,Remove_9_upward,Remove_9,"Canonical rows 1561-1692 of full_augmented_manifest_1692.json, in stored order.",129,Remove,9,upward
131,88ad1c20110483566a55cf6f6d69ed369f274855fb40f259022b10af28b91845,initial_scene.png,e3af0d9dcaf69428b4e3c966fbe77a0fa0674f601064205f95f6d4541baf8e9a,Remove_10_downward,Remove_10,"Canonical rows 1561-1692 of full_augmented_manifest_1692.json, in stored order.",132,Remove,10,downward
132,88ad1c20110483566a55cf6f6d69ed369f274855fb40f259022b10af28b91845,initial_scene.png,e3af0d9dcaf69428b4e3c966fbe77a0fa0674f601064205f95f6d4541baf8e9a,Remove_10_upward,Remove_10,"Canonical rows 1561-1692 of full_augmented_manifest_1692.json, in stored order.",131,Remove,10,upward
